,BBBID,BusinessID,BusinessName,StreetAddress,StreetAddress2,City,StateProvince,PostalCode,Country,Phone,Email,Website,TOBID,TOBDescription,DateBusinessStarted,DateBusinessClosed,IsBBBAccredited,BBBRatingGrade,BBBRatingScore,NumberOfEmployees,NumberOfPartTimeEmployees,IsHQ,SizeOfBusiness,IsCharity,CDWLastUpdate,StatusCode
0,704,1000000014,Lewk,945 Broadway ST NE #160,,Minneapolis,MN,55413,USA,6122008647.0,hr@lewk.com,https://www.lewk.com/,55093-000,Clothing - Retail,2015-04-01 00:00:00,,False,A+,100.0,1.0,0.0,False,Micro-small,False,2022-12-07 09:09:00,200.0
2,704,1000000060,"Guardian Counsel, LLC",3800 American Blvd. W. #1500,,Bloomington,MN,55431,USA,9528309913.0,emichaelis@guardiancounsel.com,https://www.guardiancounsel.com/,60075-000,Attorneys & Lawyers,2004-12-09 00:00:00,,False,A+,100.0,1.0,0.0,False,Micro-small,False,2022-12-02 09:29:00,200.0
3,704,1000000074,Gloria Russell Owner Resources LLC ,527 Lovell Ave,,Saint Paul,MN,55113,USA,6514858826.0,gloria@russellresourcesllc.com,https://www.russellresourcesllc.com/,60263-100,Copywriting,2013-10-30 00:00:00,,False,A+,100.0,1.0,0.0,False,Micro-small,False,2022-12-02 09:29:00,200.0
6,704,1000000091,KMH Erectors Inc,5295 Highway 12,,Maple Plain,MN,55359,USA,7634792022.0,office@kmhsteel.com,https://www.kmhsteel.com/,10145-000,Steel Erectors,1985-01-01 00:00:00,,False,A+,100.0,45.0,0.0,False,Micro-small,False,2022-12-02 09:29:00,200.0
0,704,10,Able Movers LLC,12285 Rush Cir NW,,Elk River,MN,55330,USA,8007052906.0,info@AbleMovingCorp.com,https://www.ablemovingcorp.com/,70571-000,Movers,1969-01-01 00:00:00,2005-04-14 00:00:00,False,NR,0.0,10.0,0.0,False,Micro-small,False,2022-06-22 11:32:00,
1,704,100,Bob & Carl&#39;s Auto Body,107 Central Ave,,Osseo,MN,55369,USA,7634252177.0,info@bobandcarls.com,http://www.bobandcarls.com,60094-000,Auto Body Repair & Painting,1969-01-05 00:00:00,,False,A+,100.0,8.0,0.0,False,Small,False,2022-07-29 08:29:00,
3,704,1000000000,The File Depot,2110 W 98th St,,Bloomington,MN,55431,USA,6124446345.0,chuckpittman@thefiledepot.com,http://thefiledepot.com,60632-200,Professional Organizer,2015-06-18 00:00:00,,False,A+,100.0,1.0,0.0,False,Micro-small,False,2022-12-02 09:29:00,
4,704,1000000001,Tree Trust Landscape Services,1419 Energy Park Dr,,Saint Paul,MN,55108,USA,9527673880.0,jareds@treetrust.org,https://treetrust.org/,60330-000,Employment Training,1976-03-16 00:00:00,,True,A+,100.0,20.0,0.0,False,Micro-small,False,2023-01-13 09:01:00,
9,704,1000000007,Verndale Custom Builders,302 E Mason Ave,,Verndale,MN,56481,USA,2184456006.0,vcb@wcta.net,https://www.facebook.com/Verndale-Custom-Builders-1129143507102828/,10078-000,Home Builders,2013-01-14 00:00:00,,False,NR,0.0,6.0,0.0,False,Small,False,2023-02-02 08:52:00,
11,704,1000000010,Kottkes&#39; Bus Service,13625 Jay St NW,,Andover,MN,55304,USA,7637558506.0,,http://kottkesbus.com/,70529-000,Bus Lines,1961-12-19 00:00:00,,False,NR,0.0,1.0,0.0,False,Micro-small,False,2022-11-15 09:11:00,
12,704,1000000011,Metrowide Legal Services,15050 Cedar Ave Ste 116-259,,Apple Valley,MN,55124,USA,6129784454.0,baker@metrowidelegal.com,http://www.metrowidelegal.com/,60075-000,Attorneys & Lawyers,2010-12-09 00:00:00,,False,A+,100.0,1.0,0.0,False,Micro-small,False,2020-03-14 04:18:00,
13,704,1000000012,Midwest Canine,775 40th Ave,,Beaver Creek,MN,56116,USA,5076732571.0,,http://www.midwestcanine.com/,05195-000,Dog Breeders,,,False,NR,0.0,1.0,0.0,False,Micro-small,False,2023-01-31 08:45:00,
19,704,1000000018,Favorfloat Corporation,4111 Central Ave NE Ste 203,,Columbia Hts,MN,55421,USA,7637880221.0,pjegede@aol.com,http://www.favorfloat.com,90027-200,Credit Repair Services – Monitored,2014-11-26 00:00:00,,False,A+,100.0,2.0,0.0,False,Micro-small,False,2022-12-02 09:29:00,
20,704,1000000019,Discount Plumbing and Drain Cleaning ,4318 Upton Ave S Ste 210,,Minneapolis,MN,55410,USA,6124443540.0,dispatch@asapmn.com,https://www.discountplumbers.com,10113-000,Plumbers,2012-04-03 00:00:00,,False,A+,100.0,20.0,0.0,False,Small,False,2023-02-08 09:28:00,
21,704,1000000020,"Ron&#39;s Auto Repair of Mankato, LLC",22695 589th Ave,,Mankato,MN,56001,USA,5073860660.0,ronsautorepairmankato@gmail.com,http://www.ronsautorepairmankato.com,60103-000,Auto Repair & Service,2002-04-01 00:00:00,,False,A+,100.0,3.0,0.0,False,Micro-small,False,2022-11-30 09:27:00,
24,704,1000000023,"Schaper Engineering, LLC",PO Box 26,,Mound,MN,55364,USA,7635673035.0,craig@schaperengineering.com,https://schaperengineering.com/,60339-000,Engineers - Structural,2013-10-01 00:00:00,,True,A+,100.0,1.0,0.0,False,Micro-small,False,2022-07-08 12:27:00,
27,704,1000000026,Insurance Specialists Team,530 Jefferson Blvd,,Big Lake,MN,55309,USA,7632443735.0,tim@istmn.com,http://www.insurancespecialiststeam.com,20080-000,Insurance Services,2001-03-02 00:00:00,,False,A+,100.0,11.0,0.0,False,Micro-small,False,2022-12-02 09:29:00,
29,704,1000000028,"Justice Lawn Care & Landscaping, LLC",23255 128th St NW,,Elk River,MN,55330,USA,6122503893.0,,http://www.justicelawncare.com/,00157-000,Lawn Maintenance,2009-07-06 00:00:00,,False,NR,0.0,2.0,0.0,False,Micro-small,False,2023-02-01 08:57:00,
34,704,1000000033,"ABC BookWerks, LLC",2420 E 117th St Ste 100,,Burnsville,MN,55337,USA,6122422120.0,,http://www.abcbookwerks.com,60155-000,Bookkeeping Service,2013-04-03 00:00:00,,False,NR,0.0,1.0,0.0,False,Micro-small,False,2023-02-02 08:52:00,
36,704,1000000035,"Klein Lawn and Landscape,LLC",198 Griggs Street South,,Saint Paul,MN,55105,USA,6518955895.0,kleinlawnlandscape@gmail.com,https://www.facebook.com/kleinlawnandlandscape/,00157-000,Lawn Maintenance,2013-02-21 00:00:00,,False,NR,0.0,1.0,0.0,False,Micro-small,False,2020-12-05 04:10:00,
37,704,1000000036,Ang's Consignment Center,127 Main St,,Clinton,MN,56225,USA,3203439054.0,angsconsignmentcenter@hotmail.com,https://www.facebook.com/angocc/,50159-000,Clothes - Consignment & Resale,,2016-08-14 00:00:00,False,NR,0.0,,,False,Micro-small,False,2019-08-19 04:05:00,
41,704,1000000040,Robbinsdale Wine & Spirits,3501 Bottineau Blvd,,Robbinsdale,MN,55422,USA,7635379012.0,,http://www.robbinsdalemn.com/services/municipal-liquor-store,50399-000,Liquor Stores,2016-04-01 00:00:00,,False,NR,0.0,1.0,0.0,False,Micro-small,False,2022-10-14 08:13:00,
43,704,1000000042,Heritage Xteriors,570 Braund St #5,,Onalaska,WI,54650,USA,8663829230.0,avanwinkle@heritageexteriors.us,http://www.heritagexteriors.com,10126-000,Roofing Contractors,2015-01-13 00:00:00,,False,NR,0.0,1.0,0.0,False,Micro-small,False,2022-06-11 08:14:00,
44,704,1000000043,"Alternative Landscaping, LLC",1395 White Bear Ave N,,Saint Paul,MN,55106,,6123251523.0,jc@everlastingturfs.com,http://www.diyturfguru.com,30020-000,Artificial Turf ,2002-05-20 00:00:00,,False,A+,100.0,1.0,0.0,False,Micro-small,False,2023-02-09 09:11:00,
47,704,1000000046,Caliber Products Inc.,12500 W. Frontage Road,,Burnsville,MN,55337,USA,9529859999.0,info@caliberproductsinc.com,http://www.caliberproductsinc.com,80680-000,Sporting Goods - Wholesale & Manufacturers,1996-05-09 00:00:00,,False,A+,100.0,1.0,0.0,False,Micro-small,False,2023-01-31 08:46:00,
49,704,1000000048,Shack's Law PLLC,2355 Highway 36 W Ste 413,,Saint Paul,MN,55113,USA,6513334840.0,evan@shackslaw.com,http://www.shackslaw.com/,60075-000,Attorneys & Lawyers,2012-06-04 00:00:00,,False,NR,0.0,1.0,0.0,False,Micro-small,False,2022-04-03 08:23:00,
50,704,1000000049,Beloved Laser Tattoo Removal,1563 Como Ave,,Falcon Hgts,MN,55108,USA,6517973738.0,belovedlasertattooremoval@gmail.com,http://www.belovedlasertattooremoval.com,60855-000,Tattoos - Removed,2016-04-01 00:00:00,,False,A+,100.0,1.0,0.0,False,Micro-small,False,2022-12-02 09:29:00,
51,704,1000000050,Pinkham Tax & Accounting,1325 County Road D Cir E,,Saint Paul,MN,55109,USA,6518884050.0,lindsay@np-cpa.com,http://www.np-cpa.com,60005-000,Accountants,2016-04-01 00:00:00,,False,A+,100.0,1.0,0.0,False,Micro-small,False,2022-12-02 09:29:00,
52,704,1000000051,"Stamp-n-Storage, Inc.",25 Michigan St SE Ste B,,Hutchinson,MN,55350,USA,8442390227.0,contact@stampnstorage.com,http://www.stampnstorage.com/,50194-000,Craft Supplies,,,False,A+,100.0,1.0,0.0,False,Micro-small,False,2022-04-22 08:18:00,
53,704,1000000052,Personalized Insurance Consulting Agency LLC,3021 E Minnehaha Pkwy,,Minneapolis,MN,55417,USA,6128400785.0,ekatajamaki@comcast.net,http://personalizedinsuranceconsulting.com/,20027-000,Insurance - Health,2016-04-04 00:00:00,,False,A+,100.0,1.0,0.0,False,Micro-small,False,2022-12-03 09:06:00,
57,704,1000000056,Traverse Counseling & Consulting,9800 Shelard Pkwy Ste 215,,Minneapolis,MN,55441,USA,9525955967.0,cb@traversecc.org,http://www.traversecc.org/,60540-000,"Marriage, Family, Child, Individual Counselors",2015-07-15 00:00:00,,False,A+,100.0,1.0,0.0,False,Micro-small,False,2021-11-23 06:33:00,
59,704,1000000058,Bomberg Chiropractior,9800 Shelard Parkway #207,,Minneapolis,MN,55441,USA,7634501955.0,drbobberg@bombergchiropractic.com,https://www.bombergchiropractic.com,60205-000,Chiropractors D.C.,2016-04-04 00:00:00,,False,NR,0.0,1.0,0.0,False,Micro-small,False,2022-04-10 08:12:00,
64,704,1000000064,Hair Studio 763,5816 Brookdale Dr N,,Minneapolis,MN,55443,USA,6512788328.0,,http://www.hairstudio763.com,60134-000,Beauty Salons,2013-04-23 00:00:00,,False,NR,0.0,1.0,0.0,False,Micro-small,False,2022-04-16 08:14:00,
65,704,1000000065,"FurnitureDealer.net, Inc.",4639 Pinetree Curve,,Eagan,MN,55122,USA,9523457171.0,clientrelations@furnituredealer.net,http://www.furnituredealer.net,60974-000,Internet Shopping,2006-08-02 00:00:00,,False,A+,100.0,1.0,0.0,False,Micro-small,False,2022-12-02 09:29:00,
70,704,1000000072,I Love Photography LLC,1208 Mainstreet,,Hopkins,MN,55343,USA,9526588185.0,elaine@ilovephotography.us,https://www.ilovephotography.us/,61044-000,Photography Sales,2015-06-05 00:00:00,,False,NR,0.0,1.0,0.0,False,Micro-small,False,2022-04-10 08:12:00,
74,704,1000000076,"Creative Ape Studios, LLC",100 S 5th St. Suite 1900,,Minneapolis,MN,55402,USA,9527974319.0,joe.ryan@creativeapestudios.com,http://creativeapestudios.com,60980-000,Web Design,2015-12-15 00:00:00,,False,A+,100.0,1.0,0.0,False,Micro-small,False,2022-12-02 09:29:00,
79,704,1000000081,Z&#39;s Trees,104 12th Street SE,,Cooperstown,ND,58425,USA,7017973653.0,rodd.zorn@yahoo.com,http://www.zstrees.com,00219-000,Tree Service,2007-01-01 00:00:00,,False,A+,100.0,3.0,0.0,False,Micro-small,False,2022-12-02 09:29:00,
80,704,1000000082,"Larkin Bros Plumbing, Heating & AC, LLC",PO Box 178,,Maple Lake,MN,55358,USA,7634022143.0,,https://www.facebook.com/Larkinbrosplumbing2015/timeline,10182-200,Air conditioning & Heating Contractors - Residential,2015-05-01 00:00:00,2020-01-01 00:00:00,False,NR,0.0,1.0,0.0,False,Micro-small,False,2023-01-02 08:49:00,
81,704,1000000083,First Pitch Inc,"1799 County Road 90, Suite #5",,Maple Plain,MN,55359,USA,7634796245.0,sales@firstpitch.com,http://www.firstpitch.com,80680-000,Sporting Goods - Wholesale & Manufacturers,,,False,F,54.0,,0.0,False,Micro-small,False,2021-07-15 04:16:00,
82,704,1000000084,"Red Wing Plumbing & Heating, LLC",1615 Old West Main St,,Red Wing,MN,55066,USA,6513889692.0,garrett@rwplumb.com,http://www.rwplumb.com/,10113-000,Plumbers,2015-07-27 00:00:00,,False,A+,100.0,1.0,0.0,False,Micro-small,False,2022-12-02 09:29:00,
91,704,1000000095,85mm Photography,3735 Lakeland Ave N Ste 317,,Robbinsdale,MN,55422,USA,6128347676.0,office@photographermn.net,http://www.photographermn.net,85281-000,Photographers - Wedding,2008-04-06 00:00:00,,False,A+,100.0,2.0,0.0,False,Micro-small,False,2022-12-27 08:49:00,
93,704,1000000099,White Rhinos Marketing,3317 Kyle Ave N,,Minneapolis,MN,55422,USA,6124193950.0,synergyscott@yahoo.com,http://www.MinnesotaRoofingCo.com,60772-100,Sales Lead Generation,2016-04-01 00:00:00,2017-03-20 00:00:00,False,NR,0.0,10.0,,False,Small,False,2021-10-16 04:13:00,
94,704,1000000100,Central Dakota Frontier Cooperative,94 Broadway ,PO Box 300,Napoleon,ND,58561,USA,7017542252.0,tobyknagel@gmail.com,http://www.dakotafrontier.com,60255-000,Consumers Cooperative Organizations,2016-04-06 00:00:00,,False,A+,100.0,1.0,0.0,False,Micro-small,False,2022-12-02 09:29:00,
95,704,1000000101,Hillside Sewer and Drain LLC,2225 W Arrowhead Rd,,Hermantown,MN,55811,USA,2182135063.0,Hillsideseweranddrain@gmail.com,http://www.plumbercontractorsduluth.com,10043-000,Drainage Contractors,2015-04-13 00:00:00,,False,A+,100.0,1.0,0.0,False,Micro-small,False,2022-12-19 08:51:00,
97,704,1000000103,Martinizing Dry Cleaning,5559 Xerxes Ave S,,Minneapolis,MN,55410,USA,6129222449.0,tmarkwold@aol.com,http://martinizing.com/xerxes/default.aspx,60214-000,Dry Cleaners,,,False,A+,100.0,1.0,0.0,False,Micro-small,False,2020-09-10 04:03:00,
98,704,1000000105,Foss Spine and Wellness,"2921 s frontage road, suite 3",,Moorhead,MN,56560,USA,2182338544.0,jmfoss26@gmail.com,http://www.fswchiro.com,60205-000,Chiropractors D.C.,2015-03-31 00:00:00,,False,A+,100.0,1.0,0.0,False,Micro-small,False,2023-01-14 08:57:00,
100,704,1000000107,"Prime Attachments, LLC",2452 Lois Ln SE,,Alexandria,MN,56308,USA,3208155905.0,info@primeattach.com,http://primeattach.com/,10050-000,Excavating Contractors,,,False,A+,100.0,1.0,0.0,False,Micro-small,False,2022-09-16 08:15:00,
