BBBID,BusinessID,BusinessName,StreetAddress,StreetAddress2,City,StateProvince,PostalCode,Country,Phone,Email,Website,TOBID,TOBDescription,DateBusinessStarted,DateBusinessClosed,IsBBBAccredited,BBBRatingGrade,BBBRatingScore,NumberOfEmployees,NumberOfPartTimeEmployees,IsHQ,SizeOfBusiness,IsCharity,CDWLastUpdate,FoundVia,contains_contacts_page,contains_business_name,contains_business_name_in_copyright,contains_social_media_links,contains_reviews_page,contains_zipCode,url_contains_phone_number,url_contains_email,manually_checked
704,1000003106,Country Porch Antiques,15364 Old Lake Rd,,Paynesville,MN,56362,USA,3202434027,,https://antique-dealers.cmac.ws/country-porch-antiques/8396/,50626-000,Surplus & Salvage Merchandise,1/1/1994 0:00,,FALSE,NR,0,3,0,FALSE,Micro-small,FALSE,1/29/2023 8:36,Search,FALSE,TRUE,FALSE,TRUE,FALSE,FALSE,FALSE,FALSE,0
704,1000005214,Ron Aden Construction,70927 390th street ,,Saint James,MN,56081,USA,5077373995,,https://discoverstjamesmn.com/do-business/business-directory/name/ron-aden/,10177-000,Construction & Remodeling Services,4/7/2015 0:00,,FALSE,NR,0,1,0,FALSE,Micro-small,FALSE,2/7/2023 9:00,Search,TRUE,TRUE,FALSE,TRUE,FALSE,FALSE,FALSE,FALSE,0
704,1000004787,Vitality Health Center,3564 Rolling View Dr,,White Bear Lk,MN,55110,USA,6517739414,,http://www.vitalityhealthcentermn.com/,60205-000,Chiropractors D.C.,1/1/1998 0:00,,FALSE,NR,0,3,0,FALSE,Micro-small,FALSE,1/27/2023 9:09,Search,TRUE,TRUE,FALSE,FALSE,FALSE,FALSE,FALSE,FALSE,1
704,1000004965,"Lake Superior Art Glass, LLC",202 E Superior St,,Duluth,MN,55802,USA,2184641799,,https://lakesuperiorartglass.com/,30265-000,Glass Blowers,8/12/2011 0:00,,FALSE,A+,100,1,0,FALSE,Micro-small,FALSE,7/9/2021 4:06,Search,TRUE,FALSE,FALSE,TRUE,FALSE,FALSE,FALSE,FALSE,1
704,1000001569,Pretty Petals Floral,401 Main St W,,Hazen,ND,58545,USA,7017486080,,http://www.prettypetalshazen.com/,50275-000,Florists - Retail,1/1/2009 0:00,,FALSE,A+,100,4,0,FALSE,Micro-small,FALSE,12/25/2020 3:51,Search,FALSE,TRUE,FALSE,FALSE,FALSE,FALSE,FALSE,FALSE,1
704,1000005167,Ramberg Construction,9552 375th St,,North Branch,MN,55056,USA,6516747668,,https://www.dandb.com/businessdirectory/rambergconstructioninc-northbranch-mn-27372077.html,10089-000,Mason Contractors,9/29/1995 0:00,,FALSE,NR,0,1,0,FALSE,Micro-small,FALSE,2/7/2023 9:00,Search,TRUE,TRUE,FALSE,TRUE,TRUE,FALSE,FALSE,FALSE,0
704,1000006307,D W Smith Construction LLC,2 Lee St,,Forest Lake,MN,55025,USA,6514642661,,https://www.dli.mn.gov/sites/default/files/pdf/rbc_2021actions.pdf,10177-000,Construction & Remodeling Services,7/14/2009 0:00,,FALSE,NR,0,1,0,FALSE,Micro-small,FALSE,1/3/2023 8:39,Search,FALSE,FALSE,FALSE,FALSE,FALSE,FALSE,FALSE,FALSE,0
704,1000006020,Shawn Bisbee Inc,551 Simard St,,Mendota Hts,MN,55118,USA,6513351533,,https://www.bizapedia.com/mn/shawn-bisbee-inc.html,10177-000,Construction & Remodeling Services,4/26/1993 0:00,,FALSE,A+,100,1,0,FALSE,Micro-small,FALSE,1/17/2020 4:30,Search,FALSE,FALSE,FALSE,FALSE,FALSE,FALSE,FALSE,FALSE,0
704,1000000165,Mixson Siding & Windows,136 E Belle Vue Rd,,Fairmont,MN,56031,USA,5072361072,,https://lindsaywindows.com/dealers/mixson/,10126-000,Roofing Contractors,2/5/2008 0:00,,FALSE,NR,0,2,0,FALSE,Micro-small,FALSE,2/2/2023 8:53,Search,TRUE,FALSE,FALSE,TRUE,TRUE,FALSE,FALSE,FALSE,1
704,1000004367,"Here and There Services, LLC",5145 Colfax Ave N,,Minneapolis,MN,55430,USA,6124071722,,https://safer.fmcsa.dot.gov/query.asp?searchtype=ANY&query_type=queryCarrierSnapshot&query_param=USDOT&query_string=2724066,70542-000,Delivery Service,1/30/2015 0:00,7/21/2021 0:00,FALSE,NR,0,1,0,FALSE,Micro-small,FALSE,7/23/2021 3:59,Search,FALSE,FALSE,FALSE,FALSE,FALSE,FALSE,FALSE,FALSE,1
704,1000005443,J Nordstrom Plumbing,4820 69th Ave N,,Minneapolis,MN,55429,USA,7635490989,,https://nextdoor.com/pages/j-nordstrom-plumbing-minneapolis-mn/,10003-000,Air Conditioning Contractors & Systems,1/1/2001 0:00,,FALSE,NR,0,3,0,FALSE,Micro-small,FALSE,1/24/2023 8:58,Search,FALSE,TRUE,FALSE,FALSE,FALSE,FALSE,FALSE,FALSE,0
704,1000006485,Rugby Manufacturing Company,515 1ST ST NE,,Rugby,ND,58368,USA,7017765722,,https://www.rugbymfg.com/,50685-100,Truck accessories,11/19/1999 0:00,,FALSE,A+,100,1,0,FALSE,Micro-small,FALSE,11/3/2017 3:55,Search,TRUE,FALSE,FALSE,TRUE,FALSE,FALSE,FALSE,FALSE,1
704,1000006548,Belicious Wear,0,,Fargo,ND,58104,USA,2182517078,,https://www.facebook.com/petroserveusa/?locale=vi_VN,50310-000,Gift Shops,,,FALSE,NR,0,,,FALSE,Micro-small,FALSE,11/5/2019 4:31,Search,FALSE,FALSE,FALSE,FALSE,FALSE,FALSE,FALSE,FALSE,0
704,1000000037,Peltier Plumbing,1023 Dwane St,,South Saint Paul,MN,55075,USA,6514556574,,https://nextdoor.com/pages/peltier-plumbing-south-saint-paul-mn/,10003-000,Air Conditioning Contractors & Systems,8/30/2010 0:00,,FALSE,NR,0,3,0,FALSE,Micro-small,FALSE,4/13/2022 8:06,Search,FALSE,TRUE,FALSE,FALSE,FALSE,FALSE,FALSE,FALSE,0
704,1000001592,All - Type Construction,5585 274th Street,,Wyoming,MN,55092,USA,6127018139,,https://up.codes/viewer/wyoming/ibc-2018/chapter/6/types-of-construction,10177-000,Construction & Remodeling Services,,,FALSE,NR,0,1,0,FALSE,Micro-small,FALSE,1/31/2023 8:45,Search,TRUE,FALSE,FALSE,FALSE,FALSE,FALSE,FALSE,FALSE,0
704,1000005895,VP Tutoring LLC,22730 Danube St NE,,Stacy,MN,55079,USA,6514649987,,https://www.superpages.com/stacy-mn/bpp/vp-tutoring-472527361,60912-000,Tutoring,6/4/2008 0:00,,FALSE,A+,100,1,0,FALSE,Micro-small,FALSE,12/15/2017 4:07,Search,TRUE,TRUE,FALSE,TRUE,TRUE,FALSE,FALSE,FALSE,0
704,1000000200,Rita's Ice & Custard ,10700 France Ave #104,,Bloomington,MN,55437,USA,6512075727,,https://www.ritasice.com/,50544-000,Restaurants,3/3/2016 0:00,,FALSE,NR,0,1,0,FALSE,Micro-small,FALSE,4/16/2022 8:14,Search,TRUE,FALSE,FALSE,TRUE,FALSE,FALSE,FALSE,FALSE,1
704,1000000096,MOKE Properties LLC,1220 Sumac Circle,,Fergus Falls,MN,56537,USA,,,https://www.dandb.com/businessdirectory/mokepropertiesllc-fergusfalls-mn-33887158.html,60732-000,Property Management,,,FALSE,NR,0,1,0,FALSE,Micro-small,FALSE,6/3/2022 9:03,Search,TRUE,TRUE,FALSE,TRUE,TRUE,FALSE,FALSE,FALSE,0
704,1000005485,George Siegfried Construction,510 Perro Creek Dr,,Bayport,MN,55003,USA,6512751112,,https://www.siegfriedconstruction.com/,10035-000,Contractors - General,1/1/1984 0:00,,FALSE,A+,100,17,0,FALSE,Micro-small,FALSE,9/4/2020 4:07,Search,TRUE,TRUE,FALSE,FALSE,TRUE,FALSE,FALSE,FALSE,1
704,1000002834,Paul Volstad Accounting,10700 Highway 55 Ste 225,,Minneapolis,MN,55441,USA,7635531875,,https://www.accounting8.com/Accountant/Paul-S-Volstad-Paul-Volstad-Accounting-Mayer-MN-8539209.htm,60005-000,Accountants,6/29/2010 0:00,,FALSE,NR,0,5,0,FALSE,Micro-small,FALSE,1/29/2023 8:36,Search,TRUE,TRUE,FALSE,FALSE,TRUE,FALSE,FALSE,FALSE,0
704,1000004361,Power Transmission,2930 W Superior St,,Duluth,MN,55806,USA,2186244876,,"https://duluthmncoc.weblinkconnect.com/Truck-Repair-Service/Power-Transmission,-Inc-702",30524-000,Power Transmission Equipment,1/7/1980 0:00,,FALSE,NR,0,1,0,FALSE,Micro-small,FALSE,12/4/2022 9:03,Search,TRUE,TRUE,FALSE,TRUE,FALSE,FALSE,FALSE,FALSE,0
704,1000005531,Gohman Brothers Lawn & Snow,16572 Sycamore Street NW,,Andover,MN,55304,USA,7637679345,,https://www.truckdrivingjobs.com/companies/55008168f5e62a5ba7e11760,70605-000,Snow Removal Service,6/13/1994 0:00,,FALSE,A+,100,1,0,FALSE,Micro-small,FALSE,11/17/2022 9:21,Search,FALSE,FALSE,FALSE,FALSE,FALSE,FALSE,FALSE,FALSE,0
704,1000005913,Thor's Hammer LLC,1300 Parkview Ct,,Chaska,MN,55318,USA,9529136279,,https://opencorporates.com/companies/us_mn/eda9f970-95d4-e011-a886-001ec94ffe7f,10177-000,Construction & Remodeling Services,3/16/2010 0:00,,FALSE,A+,100,1,0,FALSE,Micro-small,FALSE,10/22/2021 3:45,Search,FALSE,FALSE,FALSE,FALSE,FALSE,FALSE,FALSE,FALSE,0
704,1000001799,L A Rossman Distributing Inc,1902 Park Ave S,,Park Rapids,MN,56470,USA,2187323276,,https://business.parkrapids.com/list/member/l-a-rossman-distributing-inc-2424,10182-000,Heating & Air Conditioning,1/1/1984 0:00,,FALSE,A+,100,4,0,FALSE,Micro-small,FALSE,10/14/2020 4:45,Search,TRUE,TRUE,FALSE,TRUE,FALSE,FALSE,FALSE,FALSE,0
704,1000004899,NRG Auto Repair,15650 Heille Ridge Ln,,Detroit Lakes,MN,56501,USA,2188472202,,https://locations.autovalue.com/mn/detroit-lakes/496573/,60107-700,Auto Repair - Maintenance,4/4/1997 0:00,,FALSE,NR,0,1,0,FALSE,Micro-small,FALSE,12/20/2022 8:57,Search,FALSE,TRUE,FALSE,FALSE,FALSE,FALSE,FALSE,FALSE,1
704,1000000145,3-D Lawn Care LLC,35628 710th St,,Round Lake,MN,56167,USA,5073606084,,https://m.facebook.com/people/3D-Lawncare/100064703209012/,50388-000,Lawn Mowers,11/20/2014 0:00,,FALSE,A+,100,1,,FALSE,Micro-small,FALSE,2/2/2023 8:52,Search,FALSE,FALSE,FALSE,TRUE,FALSE,FALSE,FALSE,FALSE,0
704,1000006329,Agri News,18 se 1st ave,,Rochester,MN,55904,USA,8005331727,,https://www.postbulletin.com/news/agri-news-will-merge-with-sister-paper-agweek,60608-000,News Service,5/7/1981 0:00,,FALSE,NR,0,1,0,FALSE,Micro-small,FALSE,4/12/2022 9:15,Search,TRUE,TRUE,FALSE,TRUE,FALSE,FALSE,FALSE,FALSE,0
704,1000003010,Pine Country Carpet & Cabinets,19389 Us 71,,Park Rapids,MN,56470,USA,2182372340,,https://local.echopress.com/park-rapids-mn/pine-country-carpet-and-cabinets-218-237-2340,50133-000,Carpet & Rug Dealers - New,1/1/2002 0:00,,FALSE,NR,0,4,0,FALSE,Micro-small,FALSE,1/29/2023 8:36,Search,FALSE,TRUE,FALSE,FALSE,FALSE,FALSE,FALSE,FALSE,0
704,1000004203,Roers Family Bakery,430 Broadway St,,Alexandria,MN,56308,USA,3207634741,,https://www.menupix.com/minnesota/restaurants/250668699/Roers-Family-Bakery-Alexandria-MN,50052-000,Bakers - Retail,1/1/1984 0:00,,FALSE,NR,0,8,0,FALSE,Micro-small,FALSE,1/27/2023 9:08,Search,TRUE,TRUE,FALSE,TRUE,TRUE,FALSE,FALSE,FALSE,0
704,1000002456,Randys Mobile Marine & ATV Repair,1520 Highway 5 NW,,Westhope,ND,58793,USA,7018376245,,https://m.facebook.com/people/Randys-Mobile-Marine/100054358969048/,30050-000,Boat Repair,11/22/2016 0:00,12/5/2016 0:00,FALSE,NR,0,1,0,FALSE,Micro-small,FALSE,8/13/2021 4:18,Search,FALSE,FALSE,FALSE,TRUE,FALSE,FALSE,FALSE,FALSE,0
704,1000003080,Team Liquor,19 S 7th St,Nicollet Mall,Minneapolis,MN,55402,USA,6123759487,,https://www.bizjournals.com/twincities/news/2018/01/02/team-liquor-store-closes-in-downtown-minneapolis.html,50399-000,Liquor Stores,2/29/2008 0:00,,FALSE,NR,0,1,0,FALSE,Micro-small,FALSE,10/18/2022 8:16,Search,FALSE,FALSE,FALSE,FALSE,FALSE,FALSE,FALSE,FALSE,0
704,1000002835,Gallery Stillwater,324 Main St S Ste 6,,Stillwater,MN,55082,USA,6514302620,,https://artguildgallery.com/,55093-000,Clothing - Retail,3/18/1988 0:00,,FALSE,A+,100,1,0,FALSE,Micro-small,FALSE,7/21/2017 3:49,Search,TRUE,FALSE,FALSE,TRUE,FALSE,FALSE,FALSE,FALSE,1
704,1000001514,Monticello Bait & Tackle,1213 Highway 25 S,,Monticello,MN,55362,USA,7632951187,,https://www.yellowpages.com/monticello-mn/bait-shop,50608-000,Sporting Goods - Retail,1/1/2009 0:00,5/13/2016 0:00,FALSE,NR,0,6,,FALSE,Micro-small,FALSE,5/20/2019 4:18,Search,TRUE,TRUE,FALSE,TRUE,FALSE,FALSE,FALSE,FALSE,0
704,1000002126,Rube&#39;s Barber & Hair Styling,104 Front St S,,Barnesville,MN,56514,USA,2183542237,,https://www.barbershops.net/barbers/15968/rubes-barber-and-hair-styling/,60125-000,Barbers,1/1/1984 0:00,,FALSE,NR,0,1,0,FALSE,Micro-small,FALSE,1/30/2023 8:34,Search,FALSE,FALSE,FALSE,FALSE,FALSE,FALSE,FALSE,FALSE,0
704,1000002981,John&#39;s Auto Repair,211 Main Ave W,,Winsted,MN,55395,USA,3204854321,,https://www.loc8nearme.com/minnesota/winsted/johns-auto-repair/4322058/,60103-000,Auto Repair & Service,1/1/1992 0:00,,FALSE,NR,0,2,0,FALSE,Micro-small,FALSE,1/29/2023 8:36,Search,TRUE,FALSE,FALSE,FALSE,FALSE,FALSE,FALSE,FALSE,0
704,1000000005,Karja Construction,2781 62nd St Nw,,Maple Lake,MN,55358,USA,6129681882,,https://www.buildzoom.com/contractor/karja-construction-inc,10177-000,Construction & Remodeling Services,1/1/2001 0:00,,FALSE,NR,0,3,0,FALSE,Micro-small,FALSE,1/31/2023 8:46,Search,FALSE,FALSE,FALSE,FALSE,FALSE,FALSE,FALSE,FALSE,0
704,1000000069,Digi Labs,294 Grove Ln E,,Wayzata,MN,55391,USA,,,https://digi-labs.business.site/,30567-000,Robots,4/5/2016 0:00,,FALSE,NR,0,1,0,FALSE,Micro-small,FALSE,2/12/2022 9:24,Search,FALSE,TRUE,FALSE,FALSE,FALSE,FALSE,FALSE,FALSE,1
704,1000001310,Nathan L. Egge Painting LLC,1009 9th Ave N,,Princeton,MN,55371,USA,7633895160,,https://clustrmaps.com/amp/person/Egge-97sh92,10095-000,Painting Contractors,4/10/2009 0:00,,FALSE,NR,0,1,0,FALSE,Micro-small,FALSE,11/20/2022 8:59,Search,FALSE,FALSE,FALSE,TRUE,FALSE,FALSE,FALSE,FALSE,0
704,1000004811,Tic Toc Digital Printing Plus,2401 Myers Rd,,Albert Lea,MN,56007,USA,5073732663,,https://business.albertlea.org/list/member/tic-toc-digital-printing-plus-albert-lea-3927,30531-100,Image & Graphics Printing,8/4/2005 0:00,,FALSE,A+,100,1,0,FALSE,Micro-small,FALSE,11/8/2022 9:19,Search,TRUE,TRUE,FALSE,TRUE,FALSE,FALSE,FALSE,FALSE,0
704,1000005501,Lensing Insurance,325 W Main St,,Arlington,MN,55307,USA,5079645565,,https://www.progressiveagent.com/local-agent/minnesota/arlington/lensing-insurance-agency-inc/,20021-000,Insurance - Auto,10/23/1978 0:00,,FALSE,A+,100,1,0,FALSE,Micro-small,FALSE,3/5/2021 4:00,Search,TRUE,TRUE,FALSE,TRUE,FALSE,FALSE,FALSE,FALSE,0
704,1000006008,P K Building Services Inc,10315 96th Ave N,,Maple Grove,MN,55369,USA,7634243136,,https://www.facebook.com/PKPropertyServicesLLC/,60478-000,Janitor Service,9/12/1997 0:00,,FALSE,NR,0,3,0,FALSE,Micro-small,FALSE,1/24/2023 8:58,Search,FALSE,FALSE,FALSE,FALSE,FALSE,FALSE,FALSE,FALSE,0
704,1000001789,Tree Works,1605 7th St,,Saint Paul,MN,55110,USA,6514264560,,https://www.stpaul.gov/departments/parks-and-recreation/natural-resources/forestry/boulevard-tree-permit/licensed-tree,00219-000,Tree Service,6/23/2004 0:00,,FALSE,NR,0,2,0,FALSE,Micro-small,FALSE,1/30/2023 8:33,Search,FALSE,FALSE,FALSE,TRUE,FALSE,FALSE,FALSE,FALSE,0
704,1000005092,C.A.P. Renovations LLC,660 W 12th St,,Rush City,MN,55069,USA,6127094352,,http://www.caprenovations.com/contact-us.html,10177-000,Construction & Remodeling Services,8/20/2009 0:00,,FALSE,NR,0,1,0,FALSE,Micro-small,FALSE,12/20/2022 8:57,Search,TRUE,FALSE,FALSE,FALSE,FALSE,FALSE,FALSE,FALSE,1
704,1000004739,Ken Sather Construction,612 10th St,,Dawson,MN,56232,USA,3207692809,,https://opencorporates.com/companies/us_mn/96b1f307-93d4-e011-a886-001ec94ffe7f,10177-000,Construction & Remodeling Services,1/15/2009 0:00,,FALSE,NR,0,1,0,FALSE,Micro-small,FALSE,2/3/2023 9:12,Search,FALSE,FALSE,FALSE,FALSE,FALSE,FALSE,FALSE,FALSE,0
704,1000002236,9999 Limousine Service,8456 Blazing Star Cir,,Shakopee,MN,55379,USA,6128229999,,https://etilimo.com/,50750-000,Transportation Services,1/1/2008 0:00,,FALSE,NR,0,1,0,FALSE,Micro-small,FALSE,1/30/2023 8:33,Search,TRUE,FALSE,FALSE,FALSE,FALSE,FALSE,FALSE,FALSE,0
704,1000006647,Drew Design & Management Inc,1917 Greenfield Ln SW,,Rochester,MN,55902,USA,5079901499,,https://start.cortera.com/company/research/k3p2qsl8k/drew-design--management-inc/,10035-000,Contractors - General,8/7/1996 0:00,,FALSE,A+,100,1,0,FALSE,Micro-small,FALSE,6/10/2022 8:24,Search,TRUE,TRUE,FALSE,TRUE,FALSE,FALSE,FALSE,FALSE,0
704,1000005147,Lynn Fishing Tackle,205 Hickory St,,Saint Paul,MN,55115,USA,6516531099,,https://www.bizapedia.com/mn/lynn-fishing-tackle.html,80311-000,Fishing Tackle - Wholesale & Manufacturers,6/24/2014 0:00,,FALSE,NR,0,1,0,FALSE,Micro-small,FALSE,12/24/2022 8:49,Search,FALSE,FALSE,FALSE,FALSE,FALSE,FALSE,FALSE,FALSE,0
704,1000001446,A + Home Services,3451 Interlachen Dr Ne,,Andover,MN,55304,USA,7634138809,,https://www.heatingandcoolingstore.com/,50403-000,Lumber - Retail,1/1/2005 0:00,,FALSE,NR,0,1,,FALSE,Micro-small,FALSE,6/7/2022 8:10,Search,TRUE,FALSE,FALSE,FALSE,TRUE,FALSE,FALSE,FALSE,0
704,1000000196,Kuck Construction,13917 56th St SE,,Sheldon,ND,58068,USA,7017998915,,https://www.yellowpages.com/sheldon-nd/mip/kuck-construction-469063669,10035-000,Contractors - General,1/1/2007 0:00,,FALSE,NR,0,1,0,FALSE,Micro-small,FALSE,2/2/2023 8:52,Search,TRUE,TRUE,FALSE,TRUE,TRUE,FALSE,FALSE,FALSE,0
704,1000004478,Board by Board ,9745 103rd St. Ct. N. ,,Stillwater,MN,55082,USA,6513435088,,https://www.stillwaterschools.org/our-district/school-board,15058-000,Hardwood Floor Contractors,1/1/2002 0:00,,FALSE,NR,0,1,0,FALSE,Micro-small,FALSE,2/23/2021 4:07,Search,TRUE,FALSE,FALSE,TRUE,FALSE,FALSE,FALSE,FALSE,0
704,1000002949,Grey Eagle Transport Corp,119 Cedar St S,,Grey Eagle,MN,56336,USA,3202853195,,https://www.showmelocal.com/profile.aspx?bid=1176044,50750-000,Transportation Services,,12/10/2019 0:00,FALSE,NR,0,1,,FALSE,Micro-small,FALSE,12/12/2022 9:00,Search,TRUE,TRUE,FALSE,FALSE,TRUE,FALSE,FALSE,FALSE,0
704,1000006426,Ascend Chiropractic,200 E Travelers Trl,,Burnsville,MN,55337,USA,9522294425,,https://orthopedic.io/chiropractic-clinic/ascend-chiropractic-wellness-llc-burnsville-mn/,60205-000,Chiropractors D.C.,1/25/2016 0:00,,FALSE,A+,100,1,0,FALSE,Micro-small,FALSE,11/23/2020 3:56,Search,TRUE,TRUE,FALSE,FALSE,FALSE,FALSE,FALSE,FALSE,0
704,1000006759,"Conzemius Oil, Inc.",513 5th st,PO Box 28,Breckenridge,MN,56520,USA,2186436789,,https://www.bloomberg.com/profile/company/0418887D:US,30432-000,Oils - Petroleum,4/24/1998 0:00,,FALSE,A+,100,1,0,FALSE,Micro-small,FALSE,6/7/2022 8:10,Search,FALSE,FALSE,FALSE,FALSE,FALSE,FALSE,FALSE,FALSE,0
704,1000002016,Lennar Constuction LLC,8524 Packard Ave NE,,Elk River,MN,55330,USA,7635599293,,https://www.newhomesource.com/communities/mn/minneapolis-st.-paul-area/elk-river/builder-lennar-644,10035-000,Contractors - General,8/30/2010 0:00,,FALSE,NR,0,2,0,FALSE,Micro-small,FALSE,4/1/2022 18:59,Search,FALSE,FALSE,FALSE,FALSE,FALSE,FALSE,FALSE,FALSE,0
704,1000001474,"Eagle Construction Company, Inc.",515 9th Avenue NW,,Little Falls,MN,56345,USA,3206325429,,https://eaglecci.net/,10177-000,Construction & Remodeling Services,1/10/1973 0:00,,FALSE,NR,0,1,0,FALSE,Micro-small,FALSE,6/15/2022 9:02,Search,FALSE,FALSE,FALSE,FALSE,FALSE,FALSE,FALSE,FALSE,1
704,1000002087,G Thomas Construction,13750 10th St N,,Stillwater,MN,55082,USA,6514366599,,https://gthomasconstruction.com/,10035-000,Contractors - General,1/1/2008 0:00,,FALSE,NR,0,2,0,FALSE,Micro-small,FALSE,1/30/2023 8:33,Search,TRUE,FALSE,FALSE,FALSE,FALSE,FALSE,FALSE,FALSE,1
704,1000006151,Barry Markus Remodeling Inc,3628 pillsbury Ave S,,Minneapolis,MN,55409,USA,6122722843,,https://www.homeyou.com/barry-markus-remodeling-inc-minneapolis-mn,10177-100,Basement - Remodeling,6/8/2004 0:00,,FALSE,A+,100,1,0,FALSE,Micro-small,FALSE,6/11/2022 8:14,Search,FALSE,FALSE,FALSE,FALSE,FALSE,FALSE,FALSE,FALSE,0
704,1000006223,Cryptid Hair Parlour,2358 Stinson Blvd,,Minneapolis,MN,55418,USA,6123547328,,https://www.cryptidhair.com/,60420-000,Hair Styling and Services,3/21/2016 0:00,,FALSE,A+,99.47,1,0,FALSE,Micro-small,FALSE,1/4/2020 4:16,Search,FALSE,TRUE,FALSE,TRUE,FALSE,FALSE,FALSE,FALSE,1
704,1000005841,Agri-Resources,5621 53rd Ave S,,Fargo,ND,58104,USA,7012773221,,https://agriresources.ag/,00103-000,Agricultural Services,10/17/2000 0:00,,FALSE,NR,0,1,0,FALSE,Micro-small,FALSE,1/2/2023 8:49,Search,FALSE,TRUE,FALSE,TRUE,FALSE,FALSE,FALSE,FALSE,1
704,1000005785,Advanced Electric Company Inc,4132 Hull Rd,,Hopkins,MN,55305,USA,9529351329,,https://www.whodoyou.com/biz/38942/advanced-electric-co-inc-hopkins-mn,10049-000,Electricians,9/22/1970 0:00,,FALSE,A+,100,1,0,FALSE,Micro-small,FALSE,9/22/2022 8:57,Search,TRUE,FALSE,FALSE,TRUE,FALSE,FALSE,FALSE,FALSE,0
704,1000003466,Scotty's Transmission Repair LLC,3974 State Highway 55 SE,,Buffalo,MN,55313,USA,7634387406,,https://opencorporates.com/companies/us_mn/2832deaa-1cd0-e511-8164-00155d01c56d,60902-000,Transmissions - Automobile,2/10/2016 0:00,,FALSE,NR,0,1,0,FALSE,Micro-small,FALSE,3/25/2022 8:41,Search,FALSE,FALSE,FALSE,FALSE,FALSE,FALSE,FALSE,FALSE,0
704,1000005089,Curtis Buysee Construction,1961 County Road 10,,Minneota,MN,56264,USA,5075305906,,https://partnercarrier.com/MN/MINNEOTA/CURTIS-BUYSSE-CONSTRUCTION-USDOT-2819415,10177-000,Construction & Remodeling Services,6/14/2007 0:00,,FALSE,NR,0,1,0,FALSE,Micro-small,FALSE,1/6/2021 4:29,Search,TRUE,FALSE,FALSE,FALSE,FALSE,FALSE,FALSE,FALSE,0
704,1000003835,"Eric&#39;s Custom Carpentry, LLC",2014 E 4th St,,Duluth,MN,55812,USA,2183409146,,https://duluthcarpentry.com/,10019-000,Carpenters,12/21/2010 0:00,,FALSE,NR,0,1,0,FALSE,Micro-small,FALSE,11/17/2022 9:21,Search,TRUE,FALSE,FALSE,TRUE,FALSE,FALSE,FALSE,FALSE,1
704,1000004953,Koala-T Enterprises,1391 Pineview Ln. N.,,Dayton,MN,55327,USA,,,https://www.facebook.com/profile.php?id=100064095487893,62100-000,Online Retailer,,1/6/2020 0:00,FALSE,NR,0,1,,FALSE,Micro-small,FALSE,1/9/2023 8:32,Search,FALSE,FALSE,FALSE,FALSE,FALSE,FALSE,FALSE,FALSE,0
704,1000003699,Optimal REO Solutions,7825 Washington Ave,,Eden Prairie,MN,55439,,8005489765,,https://www.scampulse.com/reo-solutions-reviews,85363-000,Online Social Media/Networking,,,FALSE,NR,0,1,0,FALSE,Micro-small,FALSE,2/9/2023 9:12,Search,TRUE,TRUE,FALSE,FALSE,TRUE,FALSE,FALSE,FALSE,1
704,1000000038,Lakeside Lawn & Landscape,9166 Schaller Rd,,Pequot Lakes,MN,56472,USA,2185436726,,https://lakesidelandscapeinc.com/,00155-000,Landscape Contractors,1/1/1988 0:00,,FALSE,NR,0,15,0,FALSE,Micro-small,FALSE,8/23/2022 8:27,Search,TRUE,FALSE,FALSE,TRUE,FALSE,FALSE,FALSE,FALSE,1
704,1000000176,Lakeland Electric Inc.,1312 Mckay Dr NE,,Ham Lake,MN,55304,USA,7632454346,,https://lakelandelec.com/,10049-000,Electricians,5/6/2014 0:00,,FALSE,NR,0,1,0,FALSE,Micro-small,FALSE,4/16/2022 8:14,Search,TRUE,FALSE,FALSE,FALSE,FALSE,FALSE,FALSE,FALSE,1
704,1000001877,"Tanner Johnson Custom Builders, LLC",PO Box 102,,Pine River,MN,56474,USA,2188206761,,https://opencorporates.com/companies/us_mn/9d24e172-c00a-e511-b14d-001ec94ffe7f,10035-000,Contractors - General,6/4/2015 0:00,,FALSE,NR,0,1,0,FALSE,Micro-small,FALSE,6/4/2022 8:45,Search,FALSE,FALSE,FALSE,FALSE,FALSE,FALSE,FALSE,FALSE,0
704,1000001856,"Scott James Homes, LLC",7300 Hudson Blvd N Ste 200,,Landfall Vlg,MN,55128,USA,7639540124,,https://www.co.washington.mn.us/Archive.aspx?ADID=1136,10035-000,Contractors - General,4/7/2015 0:00,,FALSE,NR,0,1,0,FALSE,Micro-small,FALSE,6/4/2022 8:45,Search,FALSE,FALSE,FALSE,FALSE,FALSE,FALSE,FALSE,FALSE,0
704,1000005423,Gene Dornink Carpentry LLC,74427 170th Ave,,Hayfield,MN,55940,,5072068449,,https://dev.austincoc.com/list/member/gene-dornink-carpentry-llc-12487.htm,10019-000,Carpenters,2/12/2010 0:00,,FALSE,NR,0,1,0,FALSE,Micro-small,FALSE,2/9/2023 9:12,Search,TRUE,FALSE,FALSE,TRUE,FALSE,FALSE,FALSE,FALSE,0
704,1000003599,Papa Murphy's Take and Bake,1845 Highway 59 S,,Thief Rvr Fls,MN,56701,USA,2186835129,,https://locations.papamurphys.com/mn/thief-river-falls/1845-hwy-59-south,50502-000,Pizza ,,,FALSE,NR,0,,0,FALSE,Micro-small,FALSE,1/29/2020 6:33,Search,FALSE,FALSE,FALSE,TRUE,FALSE,FALSE,FALSE,FALSE,1
704,1000001971,Mec Store,101 4th Ave NE,,Mandaree,ND,58757,USA,7017593609,,https://www.yellowpages.com/mandaree-nd/mip/mec-store-535053012,50567-000,Service Stations - Gasoline & Oil,1/1/2005 0:00,,FALSE,NR,0,7,0,FALSE,Micro-small,FALSE,1/30/2023 8:33,Search,TRUE,TRUE,FALSE,TRUE,TRUE,FALSE,FALSE,FALSE,0
704,1000006454,Byrnes Cleaning Inc,9526 172nd Ave Se,,Becker,MN,55308,USA,6128125019,,https://clustrmaps.com/a/7hrib/,66002-000,Cleaning Services,8/28/2013 0:00,5/5/2021 0:00,FALSE,NR,0,1,0,FALSE,Micro-small,FALSE,7/12/2022 8:33,Search,FALSE,TRUE,FALSE,FALSE,FALSE,FALSE,FALSE,FALSE,0
704,1000001486,Northwest Glass & Service,PO Box 505,,Pelican Rapids,MN,56572,USA,2188634442,,https://www.yellowpages.com/pelican-rapids-mn/mip/northwest-glass-services-470121013,50476-000,Paint - Retail,1/1/2005 0:00,,FALSE,NR,0,1,0,FALSE,Micro-small,FALSE,1/31/2023 8:46,Search,TRUE,TRUE,FALSE,TRUE,TRUE,FALSE,FALSE,FALSE,0
704,1000003047,Tow Time,23501 Capella St Ne,,Minneapolis,MN,55408,USA,6125011815,,https://towing-companies.cmac.ws/tow-time-inc/47850/,60103-000,Auto Repair & Service,1/1/2008 0:00,,FALSE,NR,0,2,0,FALSE,Micro-small,FALSE,1/29/2023 8:36,Search,FALSE,TRUE,FALSE,TRUE,FALSE,FALSE,FALSE,FALSE,0
704,1000005978,David R Savage Llc,18829 146Th St NW,,Elk River,MN,55330,USA,6126853147,,https://www.bizapedia.com/mn/david-r-savage-llc.html,10035-000,Contractors - General,4/15/2009 0:00,,FALSE,A+,100,1,0,FALSE,Micro-small,FALSE,4/20/2022 8:37,Search,FALSE,FALSE,FALSE,FALSE,FALSE,FALSE,FALSE,FALSE,0
704,1000005270,Heitkamp Properties LLC,4530 Palmgren Ln NE,,Saint Michael,MN,55376,USA,6123216949,,https://www.bizapedia.com/mn/heitkamp-properties-llc.html,60857-000,Tax Return Preparation,4/16/2009 0:00,,FALSE,A+,100,1,0,FALSE,Micro-small,FALSE,11/12/2020 3:57,Search,FALSE,FALSE,FALSE,FALSE,FALSE,FALSE,FALSE,FALSE,0
704,1000006013,Peace of Mind Home Inspection,486 Victoria St S,,Saint Paul,MN,55102,USA,6512246415,,https://mnhomeinspections.com/,60469-000,Home Inspection Service,,11/1/2016 0:00,FALSE,NR,0,,,FALSE,Micro-small,FALSE,10/29/2020 3:52,Search,FALSE,TRUE,FALSE,TRUE,TRUE,FALSE,FALSE,FALSE,1
704,1000000061,Olivers Restaurant,12401 Wayzata Blvd,,Hopkins,MN,55305,USA,9528769410,,https://menulist.menu/restaurants/hopkins/olivers-restaurant-6,50544-000,Restaurants,4/4/2016 0:00,,FALSE,NR,0,1,0,FALSE,Micro-small,FALSE,4/13/2022 8:07,Search,TRUE,TRUE,FALSE,TRUE,FALSE,FALSE,FALSE,FALSE,0
704,1000001928,Discount Mattresses & More,501 N. Main Street ,,Stewartrville,MN,55976,USA,5075330360,,https://www.yellowpages.com/stewartville-mn/mip/discount-mattresses-more-497269220,10148-100,Retail Stores,6/7/2016 0:00,,FALSE,NR,0,1,0,FALSE,Micro-small,FALSE,11/18/2022 9:13,Search,TRUE,TRUE,FALSE,TRUE,TRUE,FALSE,FALSE,FALSE,0
704,1000003224,Jerry's Home Upholstery ,5025 Abbott Ave S,,Minneapolis,MN,55410,USA,6129227572,,https://jerrysupholsterymn.com/,50693-000,Upholstery Fabrics - Retail,7/20/2016 0:00,,FALSE,NR,0,1,0,FALSE,Micro-small,FALSE,3/17/2021 4:44,Search,TRUE,FALSE,FALSE,FALSE,FALSE,FALSE,FALSE,FALSE,1
704,1000006310,3c Sons Remodeling,7520 Autumn Chace Dr,,Minneapolis,MN,55438,USA,9524578744,,https://start.cortera.com/company/research/k4j0qzr6j/3c-sons-remodeling/,10035-000,Contractors - General,10/17/2016 0:00,,FALSE,A+,100,1,0,FALSE,Micro-small,FALSE,8/11/2022 8:30,Search,TRUE,TRUE,FALSE,TRUE,FALSE,FALSE,FALSE,FALSE,0
704,1000005855,Clearview Construction Services Inc,1111 2nd St S,,Cold Spring,MN,56320,USA,,,https://www.facebook.com/ClearviewConstructionServices/,10035-000,Contractors - General,,4/30/2018 0:00,FALSE,NR,0,1,,FALSE,Micro-small,FALSE,5/4/2021 4:06,Search,FALSE,FALSE,FALSE,FALSE,FALSE,FALSE,FALSE,FALSE,0
704,1000003424,Sweet Perfections LLC,477 W 5th St,,Winona,MN,55987,USA,5074505272,,https://www.sweetperfections.com/,50052-000,Bakers - Retail,6/26/2014 0:00,,FALSE,NR,0,1,0,FALSE,Micro-small,FALSE,12/24/2022 8:49,Search,FALSE,FALSE,FALSE,FALSE,FALSE,FALSE,FALSE,FALSE,1
704,1000005753,Dan Hanson Installation LLC,102 S Central Ave,,Dalton,MN,56324,USA,2187708895,,https://www.merchantcircle.com/dan-hanson-installation-ashby-mn,10177-000,Construction & Remodeling Services,1/15/2009 0:00,,FALSE,NR,0,1,0,FALSE,Micro-small,FALSE,12/30/2022 8:57,Search,TRUE,FALSE,FALSE,TRUE,TRUE,FALSE,FALSE,FALSE,0
704,1000004626,Carrington Homes LLC,PO Box 169,,Cedar,MN,55011,USA,7634444566,,https://www.houzz.com/professionals/home-builders/carrington-homes-llc-pfvwus-pf~975724870,10078-000,Home Builders,1/10/2008 0:00,,FALSE,NR,0,1,0,FALSE,Micro-small,FALSE,2/7/2023 9:00,Search,TRUE,TRUE,FALSE,TRUE,TRUE,FALSE,FALSE,FALSE,0
704,1000003266,American Family Insurance- Cokato,220 Broadway Ave S,,Cokato,MN,55321,USA,3202865556,,https://www.amfam.com/agents/minnesota/cokato/robert-swendra,20028-000,Insurance - Homeowners,3/1/1996 0:00,,FALSE,NR,0,1,0,FALSE,Micro-small,FALSE,10/25/2022 8:10,Search,TRUE,FALSE,FALSE,TRUE,FALSE,FALSE,FALSE,FALSE,1
704,1000004530,Bill&#39;s Auto,8810 Excelsior Blvd,,Hopkins,MN,55343,USA,9524260851,,http://www.billsservicegarage.com/,60107-700,Auto Repair - Maintenance,1/14/2014 0:00,,FALSE,NR,0,1,0,FALSE,Micro-small,FALSE,1/27/2023 9:09,Search,FALSE,FALSE,FALSE,FALSE,FALSE,FALSE,FALSE,FALSE,1
704,1000005656,Dan Barrett and Associates LLC,4015 Yates Ave N,,Minneapolis,MN,55422,USA,6122452882,,https://opencorporates.com/companies/us_mn/9019f90f-88d4-e011-a886-001ec94ffe7f,60075-000,Attorneys & Lawyers,3/25/2004 0:00,,FALSE,NR,0,1,0,FALSE,Micro-small,FALSE,12/26/2022 8:45,Search,FALSE,FALSE,FALSE,FALSE,FALSE,FALSE,FALSE,FALSE,0
704,1000005039,BR Builders LLC,1004 S Darling Dr NW,,Alexandria,MN,56308,USA,3202963750,,https://www.houzz.com/professionals/home-builders/br-builders-llc-pfvwus-pf~2083027809,10177-000,Construction & Remodeling Services,6/17/2014 0:00,,FALSE,NR,0,1,0,FALSE,Micro-small,FALSE,1/31/2023 8:46,Search,TRUE,FALSE,FALSE,TRUE,TRUE,FALSE,FALSE,FALSE,0
704,1000005880,Dave Kuik Construction Inc,12305 110th St,,Edgerton,MN,56128,USA,5074435681,,https://opencorporates.com/companies/us_mn/fd60b03d-93d4-e011-a886-001ec94ffe7f,10177-000,Construction & Remodeling Services,3/31/2009 0:00,,FALSE,A+,100,1,0,FALSE,Micro-small,FALSE,4/17/2020 4:01,Search,FALSE,FALSE,FALSE,FALSE,FALSE,FALSE,FALSE,FALSE,0
704,1000005445,"Inriched Flooring, LLC",709 118th Ave NE,,Blaine,MN,55434,USA,7637423093,,https://villagefloor.com/,85366-000,Contractors - Flooring,7/21/2009 0:00,,FALSE,NR,0,1,0,FALSE,Micro-small,FALSE,12/26/2022 8:45,Search,TRUE,FALSE,FALSE,TRUE,TRUE,FALSE,FALSE,FALSE,0
704,1000001518,Legal Service-north Dakota,345 Main St,,New Town,ND,58763,USA,7016274719,,http://www.legalassist.org/,60075-000,Attorneys & Lawyers,1/1/1989 0:00,,FALSE,NR,0,3,0,FALSE,Micro-small,FALSE,1/31/2023 8:46,Search,FALSE,FALSE,FALSE,TRUE,FALSE,FALSE,FALSE,FALSE,1
704,1000003240,Cokato Apartments,440 2nd Str N,,Cokato,MN,55321,USA,3202862758,,https://www.smrrental.com/property/cokato-apartments-building-3/,60042-000,Apartments,8/8/1977 0:00,,FALSE,A+,100,1,0,FALSE,Micro-small,FALSE,2/7/2023 14:31,Search,TRUE,TRUE,FALSE,TRUE,FALSE,FALSE,FALSE,FALSE,0
704,1000003060,Winona Shores Ofc,1010 Lark St,,Alexandria,MN,56308,USA,3207631120,,https://www.apartments.com/winona-shores-alexandria-mn/6ykw7bt/,60042-000,Apartments,1/1/2008 0:00,,FALSE,NR,0,2,0,FALSE,Micro-small,FALSE,1/29/2023 8:37,Search,FALSE,FALSE,FALSE,FALSE,FALSE,FALSE,FALSE,FALSE,0
704,1000005054,Brent Hagan Construction Inc,18429 Cty Rd 1,,Spring Valley,MN,55975,USA,5076577680,,https://www.dandb.com/businessdirectory/brenthaganconstruction-springvalley-mn-5754675.html,10177-000,Construction & Remodeling Services,3/22/1993 0:00,,FALSE,NR,0,1,0,FALSE,Micro-small,FALSE,1/24/2023 8:58,Search,TRUE,FALSE,FALSE,TRUE,TRUE,FALSE,FALSE,FALSE,0
704,1000004973,Oak Terrace Estates,1618 Marion Rd SE Trlr 175,,Rochester,MN,55904,USA,5072898206,,https://www.facebook.com/oakterraceparksidemhp/,20061-000,Real Estate Developers,1/1/1996 0:00,,FALSE,NR,0,1,0,FALSE,Micro-small,FALSE,9/16/2022 8:14,Search,FALSE,FALSE,FALSE,FALSE,FALSE,FALSE,FALSE,FALSE,0
704,1000006594,Briggs Contracting LLC,8268 Rhode Island Ave S,,Minneapolis,MN,55438,USA,9528291860,,https://www.houzz.com/professionals/general-contractors/briggs-contracting-llc-pfvwus-pf~916354572,10035-000,Contractors - General,1/1/1991 0:00,12/9/2019 0:00,FALSE,NR,0,2,,FALSE,Micro-small,FALSE,12/12/2022 9:00,Search,TRUE,TRUE,FALSE,TRUE,TRUE,FALSE,FALSE,FALSE,0
704,1000001563,Natural Impressions Photo,33 Main St,,Hazen,ND,58545,USA,7017485656,,https://www.facebook.com/NaturalImpressionsPhotographybyJustine/,60658-000,Photographers - Portrait,1/1/2006 0:00,,FALSE,NR,0,2,0,FALSE,Micro-small,FALSE,2/1/2020 4:31,Search,FALSE,FALSE,FALSE,FALSE,FALSE,FALSE,FALSE,FALSE,0
704,1000002410,Helping Angels Home Care,2219 Oakland Ave #111,,Minneapolis,MN,55404,USA,6122598570,,https://helpingangelshomecare.com/,60441-000,Home Health Services,6/28/2010 0:00,,FALSE,NR,0,1,0,FALSE,Micro-small,FALSE,12/15/2021 4:25,Search,TRUE,TRUE,FALSE,FALSE,FALSE,FALSE,FALSE,FALSE,1
704,1000005773,Clayton Scheibel Construction Co.,18951 Riverbluff Dr,,New Ulm,MN,56073,USA,5073826456,,https://opencorporates.com/companies/us_mn/931b4978-b6d4-e011-a886-001ec94ffe7f,10177-000,Construction & Remodeling Services,8/14/2002 0:00,1/7/2020 0:00,FALSE,NR,0,1,0,FALSE,Micro-small,FALSE,1/9/2023 8:32,Search,FALSE,FALSE,FALSE,FALSE,FALSE,FALSE,FALSE,FALSE,0
704,1000003807,Pine Ridge Homes Inc,1509 14th St,,Cloquet,MN,55720,USA,2188791257,,https://pineridgehomes.org/,10035-000,Contractors - General,1/1/2002 0:00,,FALSE,NR,0,6,0,FALSE,Micro-small,FALSE,1/28/2023 8:48,Search,FALSE,FALSE,FALSE,FALSE,FALSE,FALSE,FALSE,FALSE,1
704,1000003722,Adams Electric,49804 Thorn Apple Rd,,Aldrich,MN,56434,USA,2184455368,,https://electronic-system.info/company-adams-electric-in-aldrich-mn-104521,70544-000,Electric Companies,1/1/2005 0:00,,FALSE,NR,0,1,0,FALSE,Micro-small,FALSE,1/28/2023 8:48,Search,TRUE,TRUE,FALSE,FALSE,FALSE,FALSE,FALSE,FALSE,0
704,1000005053,"Brennan Properties, LLC",15680 Fish Point Rd SE,,Prior Lake,MN,55372,USA,6126164447,,https://opencorporates.com/companies/us_mn/9e6da3ce-b4d4-e011-a886-001ec94ffe7f,60732-000,Property Management,3/28/2003 0:00,,FALSE,NR,0,1,0,FALSE,Micro-small,FALSE,12/20/2022 8:57,Search,FALSE,FALSE,FALSE,FALSE,FALSE,FALSE,FALSE,FALSE,0
704,1000003212,Peepers Distinctive Eyewear,12390 Sherburne Ave,,Becker,MN,55308,USA,7632615444,,https://www.eyeglasses.com/eye-doctors/minnesota/becker/peepers-distinctive-eye-we/,50467-000,Optical Goods - Retail,1/1/1997 0:00,,FALSE,A+,100,1,0,FALSE,Micro-small,FALSE,1/31/2020 4:26,Search,TRUE,FALSE,FALSE,TRUE,TRUE,FALSE,FALSE,FALSE,0
704,1000003015,R H Lodge,48663 Xenon Rd,,Villard,MN,56385,USA,3203520223,,https://m.facebook.com/profile.php?id=116125851741804,60447-000,Hotels,1/1/2007 0:00,,FALSE,NR,0,2,0,FALSE,Micro-small,FALSE,12/16/2022 9:11,Search,FALSE,FALSE,FALSE,TRUE,FALSE,FALSE,FALSE,FALSE,0
704,1000000140,InterState Delivery,395 John Ireland Blvd,,Saint Paul,MN,55155,USA,3344527730,,https://www.interstatedriving.com/contact-us,70542-000,Delivery Service,4/12/2016 0:00,,FALSE,NR,0,1,0,FALSE,Micro-small,FALSE,2/2/2023 8:52,Search,TRUE,FALSE,FALSE,TRUE,TRUE,FALSE,FALSE,FALSE,0
704,1000004766,Gypsy K Consignment,2578 Bridge Ave,,Albert Lea,MN,56007,USA,5074732117,,https://www.facebook.com/GypsyKConsignment/,50159-000,Clothes - Consignment & Resale,1/21/2014 0:00,,FALSE,A+,100,1,0,FALSE,Micro-small,FALSE,4/17/2020 4:01,Search,FALSE,FALSE,FALSE,FALSE,FALSE,FALSE,FALSE,FALSE,0
704,1000005596,Trustworthy Hardware,203 Valley Green Sq,,Le Sueur,MN,56058,USA,5076652267,,https://locations.ups.com/us/en/mn/lesueur/authorized-shipping-provider-162383.html,50333-000,Hardware - Retail,8/12/2016 0:00,,FALSE,A+,100,4,0,FALSE,Micro-small,FALSE,9/20/2020 3:56,Search,FALSE,TRUE,FALSE,FALSE,FALSE,FALSE,FALSE,FALSE,0
704,1000005517,The Original Grass Kings LLC,6944 Pillsbury Ave,,Edina,MN,55423,USA,6125015318,,https://opencorporates.com/companies/us_mn/46cf8b91-86d4-e011-a886-001ec94ffe7f,70605-000,Snow Removal Service,7/7/2011 0:00,,FALSE,A+,100,1,0,FALSE,Micro-small,FALSE,12/28/2019 4:25,Search,FALSE,FALSE,FALSE,FALSE,FALSE,FALSE,FALSE,FALSE,0
704,1000005771,Cafe 75,518 Atlantic ave,,Kennedy,MN,56733,USA,7017742500,,https://restaurantguru.com/Cafe-75-Kennedy-3,50544-000,Restaurants,9/26/2016 0:00,,FALSE,NR,0,,0,FALSE,Micro-small,FALSE,2/28/2021 3:59,Search,FALSE,FALSE,FALSE,FALSE,FALSE,FALSE,FALSE,FALSE,0
704,1000005026,Biersch Brothers Construction,1911 245th St,,Saint Augusta,MN,56301,USA,3209800553,,https://bierschbros.com/,10035-000,Contractors - General,11/8/2005 0:00,,FALSE,NR,0,3,0,FALSE,Micro-small,FALSE,12/20/2022 8:57,Search,TRUE,TRUE,FALSE,FALSE,FALSE,FALSE,FALSE,FALSE,1
704,1000001693,Hegstad Furniture Appl & Floor,24 N Main St,,Tioga,ND,58852,USA,7016642845,,http://retailflooringstores.com/shop/store.asp?CompanyID=113480,50291-000,Furniture - Retail,1/1/2005 0:00,10/22/2019 0:00,FALSE,NR,0,3,,FALSE,Micro-small,FALSE,10/23/2019 8:25,Search,FALSE,FALSE,FALSE,FALSE,TRUE,FALSE,FALSE,FALSE,0
704,1000003720,Legends ,11 4th Street SE,,Rochester ,MN,55904,USA,5074241896,,https://www.medcitybeat.com/news-blog/2021/legends-bar-is-closing-its-doors-for-good,50544-000,Restaurants,6/14/2013 0:00,,FALSE,NR,0,1,0,FALSE,Micro-small,FALSE,11/22/2022 8:45,Search,FALSE,TRUE,FALSE,TRUE,FALSE,FALSE,FALSE,FALSE,0
704,1000001615,Aalfs Construction LLC,4030 30th Ave SW,,Montevideo,MN,56265,USA,3202265238,,https://opencorporates.com/companies/us_mn/577a6e51-67ac-e211-82ac-001ec94ffe7f,10035-000,Contractors - General,4/23/2013 0:00,,FALSE,A+,100,1,0,FALSE,Micro-small,FALSE,10/13/2020 4:00,Search,FALSE,FALSE,FALSE,FALSE,FALSE,FALSE,FALSE,FALSE,0
704,1000002914,First Avenue Salon,528 1st Ave,,Westbrook,MN,56183,USA,5072746313,,https://cityofwestbrookmn.com/directory-business_lis/listing/first-avenue-salon/,60134-000,Beauty Salons,1/1/1993 0:00,,FALSE,A+,100,1,0,FALSE,Micro-small,FALSE,1/31/2020 4:26,Search,FALSE,FALSE,FALSE,FALSE,FALSE,FALSE,FALSE,FALSE,0
704,1000005012,Diversified Property Services LLC,530 3rd St NE Apt 202,,Saint Cloud,MN,56304,USA,,,https://diversifiedpropertysvcs.com/,61100-000,Real Estate Services,5/12/2011 0:00,5/14/2018 0:00,FALSE,NR,0,1,0,FALSE,Micro-small,FALSE,5/18/2021 4:06,Search,FALSE,FALSE,FALSE,FALSE,FALSE,FALSE,FALSE,FALSE,1
704,1000002985,Kneading Hands Massage,801 Lowery Ave,,Belgrade,MN,56312,USA,3202543349,,https://www.dandb.com/businessdirectory/kneadinghandsmassage-belgrade-mn-807158.html,60543-000,Massage Therapists,9/24/2009 0:00,10/24/2019 0:00,FALSE,NR,0,1,0,FALSE,Micro-small,FALSE,10/25/2019 4:28,Search,TRUE,TRUE,FALSE,TRUE,TRUE,FALSE,FALSE,FALSE,0
704,1000002287,"Wireless Ronin Technologies, Inc.",5929 Baker Rd Ste 475,,Minnetonka,MN,55345,USA,9525643500,,https://www.prnewswire.com/news-releases/creative-realities-and-wireless-ronin-technologies-announce-closing-of-merger-272150451.html,60538-000,Marketing Consultants,6/27/2016 0:00,1/1/2019 0:00,FALSE,NR,0,1,0,FALSE,Micro-small,FALSE,1/7/2022 14:14,Search,TRUE,TRUE,FALSE,TRUE,FALSE,FALSE,FALSE,FALSE,0
704,1000002114,Kevin's Body Shop,620 Eastvold Ave,,Ortonville,MN,56278,USA,3208393066,,https://vymaps.com/US/Kevin-S-Body-Shop-T840271000325874/,60094-000,Auto Body Repair & Painting,1/1/1984 0:00,6/20/2016 0:00,FALSE,NR,0,1,,FALSE,Micro-small,FALSE,6/24/2019 4:06,Search,FALSE,TRUE,FALSE,FALSE,FALSE,FALSE,FALSE,FALSE,0
704,1000006495," Schmitty's Plumbing, Heating & Sheetmetal, Inc.",942 11th Ave S,,Wahpeton,ND,58075,USA,7016426574,,https://business.wahpetonbreckenridgechamber.com/list/member/schmitty-s-plumbing-heating-sheetmetal-inc-1386,10113-300,Plumbing - Renovation & Repair ,3/5/1998 0:00,,FALSE,A+,100,1,0,FALSE,Micro-small,FALSE,7/9/2021 4:06,Search,TRUE,FALSE,FALSE,TRUE,FALSE,FALSE,FALSE,FALSE,0
704,1000006724,Blue Note of Winsted,PO Box 847,310 3rd St. S.,Winsted,MN,55395,USA,3204852303,,http://www.bluenoteballroom.com/,50138-000,Caterers,10/24/1995 0:00,,FALSE,A+,100,1,0,FALSE,Micro-small,FALSE,3/20/2020 3:52,Search,TRUE,FALSE,FALSE,FALSE,FALSE,FALSE,FALSE,FALSE,1
704,1000003938,Namar Publishing LLC,1865 Buerkle Rd,,Dellwood,MN,55110,USA,6513519143,,https://opencorporates.com/companies/us_mn/41e49994-f69d-e111-afc0-001ec94ffe7f,30544-000,Publishers - Directory & Guide,5/14/2012 0:00,3/15/2016 0:00,FALSE,NR,0,1,0,FALSE,Micro-small,FALSE,3/18/2019 3:58,Search,FALSE,FALSE,FALSE,FALSE,FALSE,FALSE,FALSE,FALSE,0
704,1000004537,Perfect Cleaners & Launderers,14605 County Road 11,,Burnsville,MN,55337,USA,9524323552,,https://www.showmelocal.com/profile.aspx?bid=1104939,60214-000,Dry Cleaners,1/1/2000 0:00,,FALSE,NR,0,1,0,FALSE,Micro-small,FALSE,11/17/2021 4:33,Search,TRUE,TRUE,FALSE,FALSE,TRUE,FALSE,FALSE,FALSE,0
704,1000001710,Harding's Towing,7438 State Highway 55 NW,,Maple Lake,MN,55358,USA,3209635865,,https://m.facebook.com/pages/category/Towing-Service/Hardings-Towing-Inc-1581607835475016/,60103-000,Auto Repair & Service,3/21/2002 0:00,11/1/2019 0:00,FALSE,NR,0,1,0,FALSE,Micro-small,FALSE,11/25/2020 4:57,Search,FALSE,FALSE,FALSE,TRUE,FALSE,FALSE,FALSE,FALSE,0
704,1000005834,Creative Home Enhancements LLC,8701 3rd Ave S,,Minneapolis,MN,55420,USA,6125083839,,https://opencorporates.com/companies/us_mn/8a033158-8fd4-e011-a886-001ec94ffe7f,10177-000,Construction & Remodeling Services,3/19/2007 0:00,,FALSE,A+,100,1,0,FALSE,Micro-small,FALSE,2/23/2021 4:07,Search,FALSE,FALSE,FALSE,FALSE,FALSE,FALSE,FALSE,FALSE,0
704,1000005263,Affiliated Home Services Inc. ,12806 Ranch Rd NW,,Elk River,MN,55330,USA,7634418490,,http://www.affiliatedhomehealth.com/,10078-000,Home Builders,4/12/1995 0:00,,FALSE,A+,100,1,0,FALSE,Micro-small,FALSE,4/20/2022 8:36,Search,FALSE,FALSE,FALSE,FALSE,FALSE,FALSE,FALSE,FALSE,1
704,1000006236,"Al Larson & Sons Plumbing & Heating, Inc.",308 Saint Anthony St S,,Preston,MN,55965,USA,5077652405,,https://www.prestonmnchamber.com/directory/al-larson-sons-ph/,10113-000,Plumbers,4/6/1994 0:00,,FALSE,NR,0,1,0,FALSE,Micro-small,FALSE,1/3/2023 8:39,Search,TRUE,FALSE,FALSE,TRUE,FALSE,FALSE,FALSE,FALSE,0
704,1000001840,Tasto Lawn and Dock Service,207 Holmes Ave,,Brandon,MN,56315,USA,3208081111,,https://www.echopress.com/news/1028477-assumed-name-tasto-lawn-and-dock-service,00155-000,Landscape Contractors,1/1/2007 0:00,6/3/2016 0:00,FALSE,NR,0,1,,FALSE,Micro-small,FALSE,11/24/2020 4:02,Search,TRUE,TRUE,FALSE,TRUE,FALSE,FALSE,FALSE,FALSE,0
704,1000000022,Klein Lawn Care,14268 Underclift St NW,,Andover,MN,55304,USA,7635670493,,https://business.google.com/website/klein-lawn-care-snow-plowing/posts/5202964928957393543,00157-000,Lawn Maintenance,8/12/2009 0:00,10/14/2019 0:00,FALSE,NR,0,1,0,FALSE,Micro-small,FALSE,12/11/2020 4:12,Search,FALSE,TRUE,FALSE,FALSE,FALSE,FALSE,FALSE,FALSE,1
704,1000004866,Frank Madden & Assoc,505 US-169 Frontage Rd # 295,,Minneapolis,MN,55441,USA,7635452525,,https://www.lawyers.com/minneapolis/minnesota/frank-madden-and-associates-757899-f/,60075-000,Attorneys & Lawyers,1/1/1987 0:00,,FALSE,A+,100,3,0,FALSE,Micro-small,FALSE,11/23/2022 9:43,Search,TRUE,TRUE,FALSE,TRUE,TRUE,FALSE,FALSE,FALSE,0
704,1000005236,Glass Plus Inc,3424 Gowan Ave SW,,Howard Lake,MN,55349,USA,7636587171,,https://www.showmelocal.com/profile.aspx?bid=1174728,60990-000,"Auto Repair - Windshield, Glass Shops",4/7/1994 0:00,,FALSE,NR,0,1,0,FALSE,Micro-small,FALSE,12/26/2022 8:45,Search,TRUE,TRUE,FALSE,FALSE,TRUE,FALSE,FALSE,FALSE,0
704,1000005107,Green Stripe Lawncare & Irrigation Inc,5326 16th St N,,Saint Cloud,MN,56303,USA,3202526992,,https://www.dandb.com/businessdirectory/greenstripelawncareirrigationinc-saintcloud-mn-36620565.html,00155-000,Landscape Contractors,8/16/2007 0:00,10/14/2016 0:00,FALSE,NR,0,1,0,FALSE,Micro-small,FALSE,10/21/2019 4:07,Search,TRUE,FALSE,FALSE,TRUE,TRUE,TRUE,FALSE,FALSE,0
704,1000004961,Aspen Property Maintenance,918 Minneapolis Ave,,Duluth,MN,55803,USA,2183432897,,https://landscape-services.cmac.ws/aspen-property-maintenance/75440/,00155-000,Landscape Contractors,1/1/2008 0:00,,FALSE,NR,0,1,0,FALSE,Micro-small,FALSE,2/7/2023 9:00,Search,FALSE,TRUE,FALSE,TRUE,FALSE,FALSE,FALSE,FALSE,0
704,1000001783,Le Beau Monde,31344 County Road 11,,Freeport,MN,56331,USA,3203567519,,https://www.instagram.com/shoplebeaumonde/?hl=en,60134-000,Beauty Salons,1/1/1984 0:00,,FALSE,NR,0,1,0,FALSE,Micro-small,FALSE,1/30/2023 8:33,Search,FALSE,TRUE,FALSE,FALSE,FALSE,FALSE,FALSE,FALSE,0
704,1000004726,Meadow Green Hydroseed LLC,23253 Taylor St NE,,East Bethel,MN,55005,USA,7634131483,,https://www.superpages.com/bethel-mn/hydroseeding,00155-101,Hydroseeding,5/20/1999 0:00,,FALSE,NR,0,1,0,FALSE,Micro-small,FALSE,12/6/2022 9:12,Search,TRUE,FALSE,FALSE,TRUE,FALSE,FALSE,FALSE,FALSE,0
704,1000005776,Marriott Residence Inn Minneapolis Edina,3400 Edinborough Way,,Edina,MN,55435,USA,9528939300,,https://www.marriott.com/en-us/hotels/mspda-residence-inn-minneapolis-edina/overview/,60447-000,Hotels,9/26/2016 0:00,,FALSE,A+,98.16,1,0,FALSE,Micro-small,FALSE,1/1/2020 7:41,Search,FALSE,FALSE,FALSE,FALSE,TRUE,FALSE,FALSE,FALSE,1
704,1000001455,Bueno Construction,515 78th Ave #4,,Minneapolis,MN,55432,USA,6122326871,,https://www.facebook.com/Buenoconstructionllc/,10177-000,Construction & Remodeling Services,,,FALSE,NR,0,1,0,FALSE,Micro-small,FALSE,1/31/2023 8:46,Search,FALSE,TRUE,FALSE,FALSE,FALSE,FALSE,FALSE,FALSE,0
704,1000001509,"Bee Line Towing, LLC",11724 Bittersweet St NW,,Coon Rapids,MN,55433,USA,5153317643,,https://cheshiresmeow.wixsite.com/beelinetowing,60891-000,Towing - Automotive,11/5/2012 0:00,,FALSE,B-,80,1,0,FALSE,Micro-small,FALSE,10/24/2022 7:58,Search,FALSE,FALSE,FALSE,TRUE,FALSE,FALSE,FALSE,FALSE,1
704,1000003724,Renovation Training,4445 Nathan Ln N,,Plymouth,MN,55447,USA,6122197469,,https://renovationtrainingllc.com/about/,60429-100,Personal Trainers,6/29/2016 0:00,,FALSE,NR,0,1,0,FALSE,Micro-small,FALSE,1/28/2023 8:48,Search,FALSE,FALSE,FALSE,FALSE,FALSE,FALSE,FALSE,FALSE,1
704,1000002520,A Auto Mall,3000 E Lake St,,Minneapolis,MN,55406,USA,6127243813,,https://www.automall.com/used-cars/minnesota/city/minneapolis/,50040-000,Auto Dealers - Used Cars,10/12/1995 0:00,,FALSE,NR,0,1,0,FALSE,Micro-small,FALSE,8/9/2022 8:29,Search,FALSE,FALSE,FALSE,FALSE,FALSE,FALSE,FALSE,FALSE,1
704,1000000057,American Orthodontists,9800 Shelard Parkway #113,,Minneapolis,MN,55441,USA,6125983330,,https://www.discoverbraces.com/,60291-000,Dentist - Orthodontist,4/4/2016 0:00,,FALSE,NR,0,1,0,FALSE,Micro-small,FALSE,4/10/2022 8:12,Search,FALSE,FALSE,FALSE,TRUE,FALSE,FALSE,FALSE,FALSE,0
704,1000004688,Topside Roofing & Siding Construction,4204 83rd Ave N,,Brooklyn Park,MN,55443,USA,7635611951,,https://topsideroofing.com/,10126-000,Roofing Contractors,,10/14/2016 0:00,FALSE,NR,0,1,,FALSE,Micro-small,FALSE,2/4/2020 4:35,Search,TRUE,FALSE,FALSE,TRUE,TRUE,FALSE,FALSE,FALSE,1
704,1000000166,New Creations Construction,PO Box 10592,,Fargo,ND,58106,USA,7012812531,,http://memberzone.hbafm.com/list/member/new-creations-construction-inc-fargo-3863,10126-000,Roofing Contractors,11/29/1995 0:00,,FALSE,NR,0,1,0,FALSE,Micro-small,FALSE,4/16/2022 8:14,Search,TRUE,TRUE,FALSE,TRUE,FALSE,TRUE,FALSE,FALSE,0
704,1000004950,Ankrum Cabinets & Construction,1920 220th Ave,,Tracy,MN,56175,USA,5076298292,,https://murraycountymn.com/business_detail_T40_R239.php,50121-000,Cabinets,5/23/2007 0:00,,FALSE,NR,0,1,0,FALSE,Micro-small,FALSE,12/20/2022 8:57,Search,TRUE,TRUE,FALSE,TRUE,FALSE,FALSE,FALSE,FALSE,0
704,1000000179,Liston General Contracting,38002 State Highway 6,,Deer River,MN,56636,USA,2182468648,,https://www.houzz.com/professionals/general-contractors/liston-general-contracting-inc-pfvwus-pf~153722543,10035-000,Contractors - General,2/20/1998 0:00,,FALSE,NR,0,3,0,FALSE,Micro-small,FALSE,4/16/2022 8:14,Search,TRUE,TRUE,FALSE,TRUE,TRUE,FALSE,FALSE,FALSE,0
704,1000000249,C P & The Farm Boys Truck-auto,3198 Highway 16,,Beach,ND,58621,USA,7018723632,,https://safer.fmcsa.dot.gov/query.asp?searchtype=ANY&query_type=queryCarrierSnapshot&query_param=USDOT&query_string=313105,50039-000,Auto Dealers - New Cars,4/21/2016 0:00,,FALSE,NR,0,1,0,FALSE,Micro-small,FALSE,4/24/2022 8:09,Search,FALSE,FALSE,FALSE,FALSE,FALSE,FALSE,FALSE,FALSE,1
704,1000005320,Carlson Custom Builders Inc,32896 Carlson Drive,,Rochert,MN,56578,USA,2188414663,,https://opencorporates.com/companies/us_mn/1af084b8-acd4-e011-a886-001ec94ffe7f,10126-100,Contractors - Framing,4/11/2001 0:00,,FALSE,NR,0,1,0,FALSE,Micro-small,FALSE,12/26/2022 8:45,Search,FALSE,FALSE,FALSE,FALSE,FALSE,FALSE,FALSE,FALSE,0
704,1000005594,Headlines Plus,228 N Main St,,Le Sueur,MN,56058,USA,5076652248,,https://m.facebook.com/profile.php?id=140807729291194,60420-000,Hair Styling and Services,10/25/1991 0:00,,FALSE,NR,0,1,0,FALSE,Micro-small,FALSE,12/26/2022 8:45,Search,FALSE,TRUE,FALSE,TRUE,FALSE,FALSE,FALSE,FALSE,0
704,1000006410,Cardholder Services,PO Box 55078,,Fort Lauderdale,FL,33355,USA,8662445360,,https://www.trustlink.org/Search?Key=Credit%20Card%20Companies&location_zip=33308,75100-000,Prepaid Debit/Credit Cards,10/19/2016 0:00,,FALSE,NR,0,1,0,FALSE,Micro-small,FALSE,2/28/2021 4:00,Search,TRUE,TRUE,FALSE,TRUE,TRUE,FALSE,FALSE,FALSE,0
704,1000003956,Super Pumper,1023 College Dr N,,Devils Lake,ND,58301,USA,7016624658,,https://m.facebook.com/people/Superpumper-Inc-17/100067689334354/,50206-100,Fuel - Gasoline,12/15/1983 0:00,,FALSE,NR,0,1,0,FALSE,Micro-small,FALSE,1/28/2023 8:47,Search,FALSE,FALSE,FALSE,TRUE,FALSE,FALSE,FALSE,FALSE,0
704,1000003831,Victory Promotions,460 Westdale Avenue,,Winona,MN,55987,USA,5073132705,,https://m.facebook.com/Victory-Promotions-LLC-900779956649055/,60417-000,Gun Safety & Marksmanship Instruction,1/30/2015 0:00,,FALSE,A+,100,1,0,FALSE,Micro-small,FALSE,8/29/2021 4:06,Search,FALSE,TRUE,FALSE,TRUE,FALSE,FALSE,FALSE,FALSE,0
704,1000001673,Class A Leasing Inc,8899 Hastings St Ne,,Minneapolis,MN,55449,USA,6127234398,,https://www.classaleasing.net/,60909-000,Truck Rent & Lease,1/1/1997 0:00,,FALSE,NR,0,1,0,FALSE,Micro-small,FALSE,1/30/2023 8:34,Search,TRUE,FALSE,FALSE,TRUE,FALSE,FALSE,FALSE,FALSE,1
704,1000001507,701 Customs Inc,1518 S Broadway,,Minot,ND,58701,USA,7018378934,,https://www.facebook.com/people/701-Customs/100068468925910/,50045-000,Auto Radios & Stereos - Sales & Repair,9/1/2008 0:00,,FALSE,NR,0,3,0,FALSE,Micro-small,FALSE,1/28/2023 8:48,Search,FALSE,FALSE,FALSE,FALSE,FALSE,FALSE,FALSE,FALSE,0
704,1000002381,"Integrity Fiduciary Services, Inc.",3500 Vicksburg Ln N Ste 356,,Minneapolis,MN,55447,USA,6122444818,,https://opencorporates.com/companies/us_mn/9c7ec1a3-61de-e211-be65-001ec94ffe7f,65283-000,Guardian Services - Adult & Child,6/25/2013 0:00,,FALSE,NR,0,2,0,FALSE,Micro-small,FALSE,10/11/2022 8:02,Search,FALSE,FALSE,FALSE,FALSE,FALSE,FALSE,FALSE,FALSE,0
704,1000004812,Tiger City Sports,920 S Broadway Ave,,Albert Lea,MN,56007,USA,5073734366,,https://www.facebook.com/profile.php?id=100057653079676,50609-000,Sportswear - Retail,3/1/2013 0:00,,FALSE,A+,100,1,0,FALSE,Micro-small,FALSE,2/25/2022 9:44,Search,FALSE,TRUE,FALSE,FALSE,FALSE,FALSE,FALSE,FALSE,0
704,1000005331,Village Coin Laundry,"16731 E Hwy 13,",,Prior Lake,MN,55372,USA,9524477864,,https://foursquare.com/v/village-coin-laundry/4ce468c6ae20224b5c6fd2ec,60497-000,Laundries - Self Service,3/23/2006 0:00,,FALSE,NR,0,1,0,FALSE,Micro-small,FALSE,1/31/2023 8:46,Search,FALSE,TRUE,FALSE,FALSE,FALSE,FALSE,FALSE,FALSE,0
704,1000000234,The Louver Shop of Minneapolis L. L. C.,7006 S Park Dr,,Savage,MN,55378,USA,6122780400,,https://www.bizapedia.com/mn/the-louver-shop-of-minneapolis-l-l-c.html,72000-000,Window Coverings,2/25/2014 0:00,,FALSE,NR,0,1,0,FALSE,Micro-small,FALSE,4/24/2022 8:09,Search,FALSE,FALSE,FALSE,FALSE,FALSE,FALSE,FALSE,FALSE,0
704,1000006097,"James and the Giant Floor Sander, LLC",992 Trovita Dr,,Corona,CA,92881,USA,9529135696,,https://www.facebook.com/jamesandthegiantfloorsander/,10058-600,Floor Refinishing,1/1/2004 0:00,,FALSE,A+,100,1,0,FALSE,Micro-small,FALSE,8/3/2022 8:42,Search,FALSE,FALSE,FALSE,FALSE,FALSE,FALSE,FALSE,FALSE,0
704,1000006568,Heart of the Valley Tours,3321 32nd St S Apt 102 # 5,,Fargo,ND,58104,USA,2184741245,,https://www.heartofthevalleytravel.com/,70626-000,Tours - Operators & Promoters,,,FALSE,A+,100,1,0,FALSE,Micro-small,FALSE,10/19/2021 4:00,Search,TRUE,FALSE,FALSE,FALSE,FALSE,FALSE,FALSE,FALSE,1
704,1000002970,INX International Ink Co,7000 Saukview Dr,,Saint Cloud,MN,56303,USA,3202030890,,https://www.inxinternational.com/,30303-000,Inks - Print & Lithograph,1/1/2001 0:00,,FALSE,NR,0,7,0,FALSE,Micro-small,FALSE,1/29/2023 8:36,Search,TRUE,TRUE,FALSE,TRUE,FALSE,FALSE,FALSE,FALSE,1
704,1000005019,Unlimited Lawn Design,11868 Stevens Ave ,,Becker,MN,55308,USA,7636072349,,https://www.facebook.com/people/Unlimited-lawn-design/100083492920930/,00155-000,Landscape Contractors,2/28/2001 0:00,,FALSE,NR,0,2,0,FALSE,Micro-small,FALSE,12/20/2022 8:57,Search,FALSE,TRUE,FALSE,FALSE,FALSE,FALSE,FALSE,FALSE,0
704,1000003482,The Bar,4054 West 6th Street ,,Winona,MN,55987,USA,5074540128,,https://www.facebook.com/events/d41d8cd9/the-bar-goodview-winona-mn/1197939150303190/,50643-000,Bars & Taverns,11/11/2012 0:00,,FALSE,A+,100,8,,FALSE,Micro-small,FALSE,4/1/2021 4:02,Search,FALSE,TRUE,FALSE,FALSE,FALSE,FALSE,FALSE,FALSE,0
704,1000002157,Star Husky Homes,2115 44th Ave N,,Minneapolis,MN,55412,USA,2182102997,,https://www.huskyhomeswi.com/,05195-000,Dog Breeders,6/27/2016 0:00,11/19/2019 0:00,FALSE,NR,0,1,0,FALSE,Micro-small,FALSE,11/21/2022 8:38,Search,TRUE,FALSE,FALSE,TRUE,FALSE,FALSE,FALSE,FALSE,0
704,1000005081,Bruntlett Construction,55093 399th St,,Paynesville,MN,56362,USA,3204933098,,https://www.superpages.com/paynesville-mn/bpp/bruntlett-construction-25665485,10177-000,Construction & Remodeling Services,7/15/2005 0:00,,FALSE,NR,0,1,0,FALSE,Micro-small,FALSE,12/20/2022 8:57,Search,TRUE,TRUE,FALSE,TRUE,TRUE,FALSE,FALSE,FALSE,0
704,1000001475,Royal Care Car Wash,408 N Highway 10,,Royalton,MN,56373,USA,3205840191,,https://www.yellowpages.com/royalton-mn/mip/royal-care-car-wash-14802489,60180-000,Car Wash & Polish,7/2/2009 0:00,,FALSE,NR,0,1,0,FALSE,Micro-small,FALSE,10/26/2022 8:41,Search,TRUE,TRUE,FALSE,TRUE,TRUE,FALSE,FALSE,FALSE,0
704,1000004760,Minnesota Gold Meats Inc,2845 4th St S,,Waite Park,MN,56387,USA,3202555530,,https://www.facebook.com/MinnesotaGoldMeats/,30790-100,Food Wholesalers,4/1/1995 0:00,,FALSE,A+,100,5,0,FALSE,Micro-small,FALSE,2/7/2023 22:10,Search,FALSE,FALSE,FALSE,FALSE,FALSE,FALSE,FALSE,FALSE,0
704,1000004299,The Hartley Trusts,740 E Superior St,,Duluth,MN,55802,USA,2187238060,,https://sah-archipedia.org/buildings/MN-01-137-0026,20074-000,Trust Companies,7/22/2008 0:00,10/15/2021 0:00,FALSE,NR,0,1,0,FALSE,Micro-small,FALSE,10/18/2021 3:53,Search,FALSE,FALSE,FALSE,FALSE,FALSE,FALSE,FALSE,FALSE,0
704,1000003718,Lablanche  Apartments,390 West Cottage  Ave Suite 2 ,,St Paul,MN,55117,USA,6514891381,,https://www.apartments.com/lablanche-apartments-saint-paul-mn/k9xl3nc/,60040-000,Apartment Finding & Rental Service,12/4/1986 0:00,,FALSE,NR,0,1,0,FALSE,Micro-small,FALSE,11/8/2022 9:18,Search,FALSE,FALSE,FALSE,FALSE,FALSE,FALSE,FALSE,FALSE,0
704,1000005244,"Northern Plains Laboratory, LLC",401 N 9th St,,Bismarck,ND,58501,USA,7015305700,,https://northernplainslab.com/,60488-000,Laboratories - Testing,3/18/2004 0:00,,FALSE,NR,0,1,0,FALSE,Micro-small,FALSE,12/26/2022 8:45,Search,FALSE,FALSE,FALSE,FALSE,FALSE,FALSE,FALSE,FALSE,1
704,1000006023,La Fiesta,307 SW 3rd St.,,Willmar,MN,56201,USA,3202319713,,https://m.facebook.com/profile.php?id=136457643063553&__tn__=%2As-R,50199-000,Convenience Stores,9/1/2009 0:00,,FALSE,A+,100,,0,FALSE,Micro-small,FALSE,1/4/2020 4:16,Search,FALSE,TRUE,FALSE,TRUE,FALSE,FALSE,FALSE,FALSE,0
704,1000003867,Ries Auto Stores,441 Main St N,,Chatfield,MN,55923,USA,5078678107,,https://zaubee.com/biz/ries-auto-stores-4qvl8as3,50040-000,Auto Dealers - Used Cars,9/16/2015 0:00,,FALSE,NR,0,1,0,FALSE,Micro-small,FALSE,11/23/2022 9:43,Search,TRUE,TRUE,FALSE,TRUE,TRUE,FALSE,FALSE,FALSE,1
704,1000001676,Tobias Construction,7980 182nd Ave Se,,Wahpeton,ND,58075,USA,7016423058,,https://opencorporates.com/companies/us_nd/0000125425,10035-000,Contractors - General,1/1/2007 0:00,,FALSE,NR,0,3,0,FALSE,Micro-small,FALSE,1/30/2023 8:33,Search,FALSE,FALSE,FALSE,FALSE,FALSE,FALSE,FALSE,FALSE,0
704,1000006332,Jeff Vilen Construction LLC,39270 590th St,,Zumbro Falls,MN,55991,USA,5079518889,,https://www.houzz.com/professionals/kitchen-and-bath-remodelers/jeff-vilen-construction-llc-pfvwus-pf~1889130851,10177-000,Construction & Remodeling Services,7/21/2009 0:00,,FALSE,A+,100,1,0,FALSE,Micro-small,FALSE,11/9/2021 3:56,Search,TRUE,TRUE,FALSE,TRUE,TRUE,FALSE,FALSE,FALSE,0
704,1000005998,Rock Bottom Bus,1215 33rd Ave N,,Saint Cloud,MN,56303,USA,3208362109,,https://ridemetrobus.com/,70531-000,Buses - Charter & Rental,1/1/1999 0:00,,FALSE,A+,100,,0,FALSE,Micro-small,FALSE,1/25/2020 4:32,Search,TRUE,FALSE,FALSE,TRUE,FALSE,FALSE,FALSE,FALSE,0
704,1000005059,Brewers Carpentry Services,1173 Farmers Ln,,Belle Plaine,MN,56011,USA,6512835855,,https://www.facebook.com/BrewersCarpentryServices/,10019-000,Carpenters,3/14/1996 0:00,,FALSE,NR,0,1,0,FALSE,Micro-small,FALSE,2/7/2023 9:00,Search,FALSE,TRUE,FALSE,FALSE,FALSE,FALSE,FALSE,FALSE,0
704,1000000090,Joshua Ahlquist Construction,740 Madisoan St,,Anoka,MN,55303,USA,6122019637,,https://www.facebook.com/josh.ahlquist.3/,10177-000,Construction & Remodeling Services,1/13/2005 0:00,,FALSE,NR,0,1,0,FALSE,Micro-small,FALSE,4/16/2022 8:14,Search,FALSE,FALSE,FALSE,FALSE,FALSE,FALSE,FALSE,FALSE,0
704,1000005662,Complete Construction LLC,1052 S Victory Dr,,Mankato,MN,56001,USA,5073308355,,https://safer.fmcsa.dot.gov/query.asp?searchtype=ANY&query_type=queryCarrierSnapshot&query_param=USDOT&query_string=2392848,10177-000,Construction & Remodeling Services,9/29/2011 0:00,,FALSE,A+,100,1,0,FALSE,Micro-small,FALSE,10/15/2022 8:19,Search,FALSE,FALSE,FALSE,FALSE,FALSE,FALSE,FALSE,FALSE,1
704,1000005142,Domino's Pizza,103 23rd St W,,Hastings,MN,55033,USA,6514373930,,https://pizza.dominos.com/minnesota/hastings/,50544-000,Restaurants,8/28/2003 0:00,,FALSE,NR,0,,0,FALSE,Micro-small,FALSE,3/7/2021 3:53,Search,FALSE,TRUE,FALSE,FALSE,FALSE,FALSE,FALSE,FALSE,1
704,1000005495,Dallco Construction LLC,6396 15th St N,,Oakdale,MN,55128,USA,6513039381,,https://app.mykukun.com/contractor/profile/Dallco-Construction-Llc-362416,10035-000,Contractors - General,7/6/2009 0:00,,FALSE,A+,100,1,0,FALSE,Micro-small,FALSE,10/11/2022 8:02,Search,TRUE,TRUE,FALSE,TRUE,FALSE,FALSE,FALSE,FALSE,0
704,1000005484,Edina Living,5229 Duncraig Rd,,Minneapolis,MN,55436,USA,6126366350,,https://www.niche.com/places-to-live/edina-hennepin-mn/,30418-000,Newspapers,6/1/2015 0:00,,FALSE,NR,0,1,0,FALSE,Micro-small,FALSE,12/14/2021 4:08,Search,FALSE,FALSE,FALSE,FALSE,FALSE,FALSE,FALSE,FALSE,0
704,1000001568,A Too Z Process Service,1125 Sibley Memorial Hwy,,Mendota Hts,MN,55118,USA,6514524001,,https://www.yellowpages.com/mendota-hts-mn/mip/a-too-z-process-service-496966885,60704-000,Process Servers,7/19/2007 0:00,,FALSE,NR,0,1,0,FALSE,Micro-small,FALSE,10/7/2022 8:31,Search,TRUE,TRUE,FALSE,TRUE,TRUE,FALSE,FALSE,FALSE,0
704,1000006225,Tim Bauer Construction,110 Birch Dr,,Grand Marais,MN,55604,USA,2183700964,,https://opencorporates.com/companies/us_mn/06536371-2a46-e711-817c-00155d01c4c9,10035-000,Contractors - General,3/11/2009 0:00,,FALSE,A+,100,1,0,FALSE,Micro-small,FALSE,3/10/2021 4:42,Search,FALSE,FALSE,FALSE,FALSE,FALSE,FALSE,FALSE,FALSE,0
704,1000006335,All American Home Pro's LLC,7220 York Ave S Apt 413,,Bloomington,MN,55435,USA,9523814288,,https://opencorporates.com/companies/us_mn/e949cb68-9c0c-e211-bc43-001ec94ffe7f,10177-000,Construction & Remodeling Services,10/1/2012 0:00,2/13/2020 0:00,FALSE,NR,0,1,0,FALSE,Micro-small,FALSE,2/14/2020 3:56,Search,FALSE,FALSE,FALSE,FALSE,FALSE,FALSE,FALSE,FALSE,0
704,1000001623,Marcus Mini Storage,7360 195th Ave SW,,Prinsburg,MN,56281,USA,3209786616,,https://www.b2byellowpages.com/company-information/22868573-marcus-mini-storage.html,70644-000,Warehouses - Merchandise,1/1/1995 0:00,5/18/2016 0:00,FALSE,NR,0,45,,FALSE,Small,FALSE,5/20/2019 4:18,Search,TRUE,FALSE,FALSE,FALSE,FALSE,FALSE,FALSE,FALSE,0
704,1000001699,Heaven On Earth Therapeutic Massage,5009 Excelsior Blvd Ste 144,,Minneapolis,MN,55416,USA,6123828600,,https://square.site/book/9HFF70GSNXVE7/heaven-on-earth-therapeutic-massage-st-louis-park-mn,60542-000,Massage Therapeutic,11/5/1999 0:00,10/30/2019 0:00,FALSE,NR,0,1,0,FALSE,Micro-small,FALSE,10/31/2019 4:29,Search,FALSE,TRUE,FALSE,TRUE,FALSE,FALSE,FALSE,FALSE,1
704,1000001471,Evolution Appraisals L. L. C.,405 N 80th Avenue W,,Duluth,MN,55807,USA,2187212522,,https://www.bizapedia.com/mn/evolution-appraisals-l-l-c.html,61100-000,Real Estate Services,1/11/2016 0:00,,FALSE,NR,0,1,0,FALSE,Micro-small,FALSE,11/23/2022 9:43,Search,FALSE,FALSE,FALSE,FALSE,FALSE,FALSE,FALSE,FALSE,0
704,1000004623,Val&#39;s Rapid Service,628 E Saint Germain St,,Saint Cloud,MN,56304,USA,3202515775,,https://valshamburgers.com/,50544-000,Restaurants,1/1/1984 0:00,,FALSE,NR,0,5,0,FALSE,Micro-small,FALSE,1/27/2023 9:08,Search,TRUE,FALSE,FALSE,TRUE,FALSE,FALSE,FALSE,FALSE,1
704,1000002956,"High Hopes, Inc.",12905 Viking Dr,,Burnsville,MN,55337,USA,9527360886,,https://www.showmelocal.com/profile.aspx?bid=1089951,80362-000,Grocers - Wholesale,1/13/1984 0:00,,FALSE,NR,0,1,0,FALSE,Micro-small,FALSE,10/25/2022 8:10,Search,TRUE,FALSE,FALSE,FALSE,TRUE,FALSE,FALSE,FALSE,0
704,1000006758,"Cook Chiropractic Clinic, P.C.",103 9th st n,,Wahpeton,ND,58075,USA,7016421913,,https://www.cookchiroclinic.com/,60205-000,Chiropractors D.C.,3/31/1992 0:00,,FALSE,NR,0,1,0,FALSE,Micro-small,FALSE,11/4/2019 4:10,Search,TRUE,FALSE,FALSE,FALSE,FALSE,FALSE,FALSE,FALSE,1
704,1000005990,"Don Bontjes Construction, Inc.",12839 133rd Ave NE,,Spicer,MN,56288,USA,3207966346,,https://www.homeyou.com/don-bontjes-construction-inc-spicer-mn,30760-000,Woodworking,1/29/2009 0:00,,FALSE,NR,0,3,0,FALSE,Micro-small,FALSE,1/2/2023 8:49,Search,FALSE,FALSE,FALSE,FALSE,FALSE,FALSE,FALSE,FALSE,0
704,1000005486,Two Old Goats,525 15th St E,,Glencoe,MN,55336,USA,3205100408,,https://twooldgoats.com/,50310-000,Gift Shops,2/9/2011 0:00,,FALSE,NR,0,1,0,FALSE,Micro-small,FALSE,9/22/2019 4:17,Search,TRUE,TRUE,FALSE,TRUE,TRUE,FALSE,FALSE,FALSE,1
704,1000004252,Alotti Biscotti,305 W 1st St,,Duluth,MN,55802,USA,2187261050,,https://www.menupix.com/duluth-mn/restaurants/250662382/Alotti-Biscotti-Duluth-MN,50052-000,Bakers - Retail,2/21/1995 0:00,,FALSE,NR,0,1,0,FALSE,Micro-small,FALSE,1/17/2023 8:46,Search,TRUE,TRUE,FALSE,TRUE,TRUE,FALSE,FALSE,FALSE,0
704,1000003744,As Good As Gold Day Spa,2730 1/2 County Road E E,,Saint Paul,MN,55110,USA,9522356271,,https://www.dermascope.com/index.php?option=com_mtree&cat_id=629&lang=en&limit=20&limitstart=6180&sort=-link_modified&task=listall&view=listall,65134-000,Day Spas,1/1/1999 0:00,8/1/2016 0:00,FALSE,NR,0,4,,FALSE,Micro-small,FALSE,3/3/2021 4:45,Search,FALSE,TRUE,FALSE,TRUE,FALSE,FALSE,FALSE,FALSE,0
704,1000006782,Snowmen Snow Removal,5333 Heatherwood Ln,,Bismarck,ND,58501,USA,7012219171,,https://www.sportunion.us/company-snowmen-snow-removal-in-bismarck-nd-92113,60478-000,Janitor Service,,,FALSE,NR,0,1,0,FALSE,Micro-small,FALSE,1/24/2023 8:58,Search,TRUE,TRUE,FALSE,FALSE,FALSE,FALSE,FALSE,FALSE,0
704,1000005959,Jandt Plumbing and Heating,PO Box 621,,Beach,ND,58621,USA,7018724856,,https://www.beachnd.com/2171/Construction-HVAC-Plumbing,10113-300,Plumbing - Renovation & Repair ,2/5/1996 0:00,,FALSE,NR,0,1,0,FALSE,Micro-small,FALSE,11/29/2022 9:07,Search,FALSE,FALSE,FALSE,TRUE,FALSE,FALSE,FALSE,FALSE,0
704,1000004476,Pioneer Development LLC,7533 Sunwood Dr Ste 315,,Ramsey,MN,55303,USA,7634275955,,http://www.pioneerdevelopmentllc.com/about.html,60845-000,Surveyors - Land,4/5/2000 0:00,,FALSE,A+,100,1,0,FALSE,Micro-small,FALSE,2/7/2023 22:13,Search,TRUE,FALSE,FALSE,FALSE,FALSE,FALSE,FALSE,FALSE,1
704,1000006331,"Alex Remodeling & Handyman Services, LLC",823 40th Lane,,Anoka,MN,55303,USA,6127355434,,https://nextdoor.com/pages/alex-handyman-remodeling-minneapolis-mn/,10013-000,Building Contractors,10/9/2009 0:00,10/19/2016 0:00,FALSE,NR,0,1,0,FALSE,Micro-small,FALSE,10/8/2020 4:04,Search,FALSE,FALSE,FALSE,FALSE,FALSE,FALSE,FALSE,FALSE,0
704,1000005720,Aune and Keister Construction Inc,PO Box 1092,,Cook,MN,55723,USA,,,https://opencorporates.com/companies/us_mn/08c6c67f-adb1-e211-82ac-001ec94ffe7f,10177-000,Construction & Remodeling Services,4/30/2013 0:00,1/1/2001 0:00,FALSE,NR,0,1,0,FALSE,Micro-small,FALSE,1/20/2020 4:11,Search,FALSE,FALSE,FALSE,FALSE,FALSE,FALSE,FALSE,FALSE,0