,firm_id,BusinessName,BusinessNameCorrect,BusinessNameUpdate,BusinessNameFound,Phone,PhoneCorrect,PhoneUpdate,PhoneFound,Website,WebsiteCorrect,WebsiteUpdate,WebsiteFound,Email,EmailCorrect,EmailUpdate,EmailFound,City,Address,AddressCorrect,AddressUpdate,AddressFound,Zipcode,ZipCorrect,ZipUpdate,ZipFound,BusinessNameYP,AddressYP,PhoneYP,WebsiteYP
0,2.0,['able fence inc'],True,['able fence inc'],Google,['+1 651-222-4355'],True,['+1 651-222-4355'],Google,[nan],True,['https://www.yellowpages.com/saint-paul-mn/mip/able-fence-inc-2299606'],YP,[nan],False,[],,,"['78 Acker St E ,saint paul,55117']",True,"['78 Acker St E ,saint paul,55117', '78 Acker St ESaint Paul, MN 55117']",YP,['55117'],False,[],,Able Fence Inc,"78 Acker St ESaint Paul, MN 55117",(651) 222-4355,https://www.yellowpages.com/saint-paul-mn/mip/able-fence-inc-2299606
1,5.0,"['albin endeavor inc', 'albin funeral chapel inc', 'albin chapel']",False,"['albin endeavor inc', 'albin funeral chapel inc', 'albin chapel']",Google,"['+1 612-871-1418', '+1 612-270-0491', '+1 952-914-9410']",False,"['+1 612-871-1418', '+1 612-270-0491', '+1 952-914-9410']",Google,['http://www.albinchapel.com/'],False,[],,"['office@albinchapel.com', 'jimalbinson@gmail.com']",False,[],,,"['2024 Blackberry Ln ,wayzata,55391', '6855 Rowland Rd ,eden prairie,55344', '2200 Nicollet Ave ,minneapolis,55404', 'PO Box 46147 ,eden prairie,55344']",False,"['2024 Blackberry Ln ,wayzata,55391', '6855 Rowland Rd ,eden prairie,55344', '2200 Nicollet Ave ,minneapolis,55404', 'PO Box 46147 ,eden prairie,55344']",Google,"['55391', '55344', '55404']",False,[],,,,,
2,7.0,"['albrecht company', 'albrecht enterprises llc']",True,"['Albrecht Enterprises, LLC']",SOS,['+1 651-633-4510'],True,['+1 651-633-4510'],Google,[nan],False,"[nan, nan]",,"['mail@albrechtcompany.com', 'edward@albrechtcompany.com']",False,[],,Roseville,"['1408 County Road C W ,roseville,55113']",True,"['1408 W Co Rd C, Roseville, 55113']",SOS,['55113'],True,['55113'],SOS,,,,
3,9.0,"['arthur williams optical inc', 'arthur williams opticians']",True,"['arthur williams optical inc', 'arthur williams opticians', 'Arthur Williams Optical']",YP,"['+1 763-224-2883', '+1 651-224-2883', '+1 651-645-1976']",True,"['+1 763-224-2883', '+1 651-224-2883', '+1 651-645-1976']",Google,['http://www.arthurwilliamsoptical.com/'],True,['http://www.arthurwilliamsoptical.com/'],Google,['arthurwilliamsoptical@gmail.com'],False,[],,,"['772 Cleveland Ave S ,saint paul,55116', '366 Saint Peter St ,saint paul,55102']",True,"['772 Cleveland Ave S ,saint paul,55116', '366 Saint Peter St ,saint paul,55102', '772 Cleveland Avenue SSaint Paul, MN 55116']",YP,"['55102', '55116']",False,[],,Arthur Williams Optical,"772 Cleveland Avenue SSaint Paul, MN 55116",(651) 224-2883,https://www.yellowpages.com/saint-paul-mn/mip/arthur-williams-optical-20074928?lid=1000439515293
4,10.0,"['able movers llc', 'able moving and storage inc', 'able transfer']",True,"['able movers llc', 'able movers llc', 'able movers llc', 'able movers llc', 'able movers llc', 'able movers llc', 'able movers llc', 'able movers llc', 'able movers llc', 'able movers llc', 'able movers llc', 'able movers llc', 'able movers llc', 'able movers llc', 'able movers llc', 'able movers llc', 'able moving and storage inc', 'able moving and storage inc', 'able moving and storage inc', 'able moving and storage inc', 'able moving and storage inc', 'able moving and storage inc', 'able moving and storage inc', 'able moving and storage inc', 'able moving and storage inc', 'able moving and storage inc', 'able moving and storage inc', 'able moving and storage inc', 'able moving and storage inc', 'able moving and storage inc', 'able moving and storage inc', 'able moving and storage inc', 'able transfer', 'able transfer', 'able transfer', 'able transfer', 'able transfer', 'able transfer', 'able transfer', 'able transfer', 'able transfer', 'able transfer', 'able transfer', 'able transfer', 'able transfer', 'able transfer', 'able transfer', 'able transfer', 'Able Movers - CLOSED']",YP,"['+1 612-991-3264', '+1 952-935-0331']",False,"['+1 612-991-3264', '+1 612-991-3264', '+1 612-991-3264', '+1 612-991-3264', '+1 612-991-3264', '+1 612-991-3264', '+1 612-991-3264', '+1 612-991-3264', '+1 612-991-3264', '+1 612-991-3264', '+1 612-991-3264', '+1 612-991-3264', '+1 612-991-3264', '+1 612-991-3264', '+1 952-935-0331', '+1 952-935-0331', '+1 952-935-0331', '+1 952-935-0331', '+1 952-935-0331', '+1 952-935-0331', '+1 952-935-0331', '+1 952-935-0331', '+1 952-935-0331', '+1 952-935-0331', '+1 952-935-0331', '+1 952-935-0331', '+1 952-935-0331', '+1 952-935-0331', nan]",,['http://www.ablemovers.net'],False,"['http://www.ablemovers.net', 'http://www.ablemovers.net', 'http://www.ablemovers.net', 'http://www.ablemovers.net', 'http://www.ablemovers.net', 'http://www.ablemovers.net', 'http://www.ablemovers.net', 'http://www.ablemovers.net', 'http://www.ablemovers.net', 'http://www.ablemovers.net', 'http://www.ablemovers.net', 'http://www.ablemovers.net', 'http://www.ablemovers.net', 'http://www.ablemovers.net', nan]",,['ablemovers@izoom.net'],False,[],,,"['14601 Spring Lake Rd ,minnetonka,55345', '12285 Rush Cir NW ,elk river,55330']",True,"['14601 Spring Lake Rd ,minnetonka,55345', '14601 Spring Lake Rd ,minnetonka,55345', '14601 Spring Lake Rd ,minnetonka,55345', '14601 Spring Lake Rd ,minnetonka,55345', '14601 Spring Lake Rd ,minnetonka,55345', '14601 Spring Lake Rd ,minnetonka,55345', '14601 Spring Lake Rd ,minnetonka,55345', '14601 Spring Lake Rd ,minnetonka,55345', '14601 Spring Lake Rd ,minnetonka,55345', '14601 Spring Lake Rd ,minnetonka,55345', '14601 Spring Lake Rd ,minnetonka,55345', '14601 Spring Lake Rd ,minnetonka,55345', '14601 Spring Lake Rd ,minnetonka,55345', '14601 Spring Lake Rd ,minnetonka,55345', '14601 Spring Lake Rd ,minnetonka,55345', '14601 Spring Lake Rd ,minnetonka,55345', '12285 Rush Cir NW ,elk river,55330', '12285 Rush Cir NW ,elk river,55330', '12285 Rush Cir NW ,elk river,55330', '12285 Rush Cir NW ,elk river,55330', '12285 Rush Cir NW ,elk river,55330', '12285 Rush Cir NW ,elk river,55330', '12285 Rush Cir NW ,elk river,55330', '12285 Rush Cir NW ,elk river,55330', '12285 Rush Cir NW ,elk river,55330', '12285 Rush Cir NW ,elk river,55330', '12285 Rush Cir NW ,elk river,55330', '12285 Rush Cir NW ,elk river,55330', '12285 Rush Cir NW ,elk river,55330', '12285 Rush Cir NW ,elk river,55330', '12285 Rush Cir NW ,elk river,55330', '12285 Rush Cir NW ,elk river,55330', 'Serving theMN Area']",YP,"['55330', '55345']",False,[],,Able Movers - CLOSED,Serving theMN Area,,
5,14.0,['albrechts'],True,"['albrechts', 'albrechts', 'albrechts', 'albrechts', 'albrechts', 'albrechts', 'albrechts', 'albrechts', 'albrechts', 'albrechts', 'albrechts', 'albrechts', 'albrechts', 'Albrecht Jewelers']",YP,"['+1 952-927-8808', '+1 651-690-1567', '+1 612-690-1567']",True,"['+1 952-927-8808', '+1 952-927-8808', '+1 952-927-8808', '+1 952-927-8808', '+1 952-927-8808', '+1 952-927-8808', '+1 952-927-8808', '+1 952-927-8808', '+1 952-927-8808', '+1 952-927-8808', '+1 952-927-8808', '+1 952-927-8808', '+1 651-690-1567', '+1 651-690-1567', '+1 651-690-1567', '+1 651-690-1567', '+1 651-690-1567', '+1 651-690-1567', '+1 651-690-1567', '+1 651-690-1567', '+1 651-690-1567', '+1 651-690-1567', '+1 651-690-1567', '+1 651-690-1567', '+1 612-690-1567', '+1 612-690-1567', '+1 612-690-1567', '+1 612-690-1567', '+1 612-690-1567', '+1 612-690-1567', '+1 612-690-1567', '+1 612-690-1567', '+1 612-690-1567', '+1 612-690-1567', '+1 612-690-1567', '+1 612-690-1567', '(218) 732-8815']",YP,[nan],True,"[nan, nan, nan, nan, nan, nan, nan, 'https://www.yellowpages.com/park-rapids-mn/mip/albrecht-jewelers-11812151']",YP,[nan],False,[],,,"['680 Cleveland Ave S ,saint paul,55116']",True,"['680 Cleveland Ave S ,saint paul,55116', '680 Cleveland Ave S ,saint paul,55116', '680 Cleveland Ave S ,saint paul,55116', '680 Cleveland Ave S ,saint paul,55116', '680 Cleveland Ave S ,saint paul,55116', '680 Cleveland Ave S ,saint paul,55116', '680 Cleveland Ave S ,saint paul,55116', '680 Cleveland Ave S ,saint paul,55116', '680 Cleveland Ave S ,saint paul,55116', '680 Cleveland Ave S ,saint paul,55116', '680 Cleveland Ave S ,saint paul,55116', '680 Cleveland Ave S ,saint paul,55116', '680 Cleveland Ave S ,saint paul,55116', '115 Main Ave SPark Rapids, MN 56470']",YP,['55116'],False,[],,Albrecht Jewelers,"115 Main Ave SPark Rapids, MN 56470",(218) 732-8815,https://www.yellowpages.com/park-rapids-mn/mip/albrecht-jewelers-11812151
6,18.0,"['andersen windows inc', 'andersen corporation', 'eagle window and door', 'emco enterprises inc']",True,['Eagle Window & Door LLC'],SOS,['+1 888-888-7020'],False,"['+1 888-888-7020', '+1 888-888-7020', '+1 888-888-7020', '+1 888-888-7020', nan]",,['http://www.andersencorp.com'],False,"['http://www.andersencorp.com', 'http://www.andersencorp.com', 'http://www.andersencorp.com', 'http://www.andersencorp.com', nan]",,"['jennifer.lamson@andersen.com', 'donna.dingle@andersencorp.com']",False,[],,Bayport,"['100 4th Ave N ,bayport,55003', '39811 Golden Ave ,north branch,55056']",True,"['551 N Maine Str, Bayport, 55003']",SOS,"['55003', '55056']",True,['55003'],SOS,,,,
7,19.0,['appearance reconditioning co'],True,"['appearance reconditioning co', 'Appearance Reconditioning Co. - CLOSED']",YP,"['+1 763-350-8716', '+1 763-559-3292']",False,"['+1 763-350-8716', '+1 763-559-3292', nan]",,[nan],False,"[nan, nan]",,[nan],False,[],,,"['13118 Tyler St NE ,blaine,55434']",True,"['13118 Tyler St NE ,blaine,55434', '13118 Tyler St NEMinneapolis, MN 55434']",YP,['55434'],False,[],,Appearance Reconditioning Co. - CLOSED,"13118 Tyler St NEMinneapolis, MN 55434",,
8,22.0,"['a c t specialties', 'asphalt specialties company', 'act asphalt specialties company']",False,"['a c t specialties', 'a c t specialties', 'a c t specialties', 'asphalt specialties company', 'asphalt specialties company', 'asphalt specialties company', 'act asphalt specialties company', 'act asphalt specialties company', 'act asphalt specialties company']",Google,"['+1 612-436-8589', '+1 651-484-1696']",True,"['+1 612-436-8589', '+1 612-436-8589', '+1 612-436-8589', '+1 651-484-1696', '+1 651-484-1696', '+1 651-484-1696']",Google,"['http://twitter.com/asphaltmn', 'http://www.asphaltmn.com', 'http://asphaltmn.com', 'http://www.facebook.com/asphaltmn']",False,"['http://twitter.com/asphaltmn', 'http://twitter.com/asphaltmn', 'http://www.asphaltmn.com', 'http://www.asphaltmn.com', 'http://asphaltmn.com', 'http://asphaltmn.com', 'http://www.facebook.com/asphaltmn', 'http://www.facebook.com/asphaltmn']",Google,"['mitch@asphaltmn.com', 'erik@act-asphaltspecialties.com', 'office@asphaltmn.com', 'sales@act-asphaltspecialties.com']",False,[],,,"['547 County Road E W Ste 205 ,shoreview,55126']",False,"['547 County Road E W Ste 205 ,shoreview,55126', '547 County Road E W Ste 205 ,shoreview,55126', '547 County Road E W Ste 205 ,shoreview,55126']",Google,['55126'],False,[],,,,,
9,29.0,"['anderson-ladd', 'haldeman homme inc', 'anderson ladd floors']",True,"['anderson-ladd', 'haldeman homme inc', 'anderson ladd floors']",Google,['+1 612-331-4880'],True,"['+1 612-331-4880', '(612) 331-8816']",YP,[nan],True,"[nan, 'https://www.yellowpages.com/minneapolis-mn/mip/anderson-ladd-465041734']",YP,[nan],False,[],,,"['430 Industrial Blvd NE ,minneapolis,55413']",True,"['430 Industrial Blvd NE ,minneapolis,55413', '450 Industrial Blvd NEMinneapolis, MN 55413']",YP,['55413'],False,[],,Anderson-Ladd,"450 Industrial Blvd NEMinneapolis, MN 55413",(612) 331-8816,https://www.yellowpages.com/minneapolis-mn/mip/anderson-ladd-465041734
10,30.0,"['adt security services', 'american district telegraph', 'a d t security services', 'adt llc']",True,[],,"['+1 800-238-7870', '+1 651-917-0000', '+1 651-339-0987']",True,"['+1 800-238-7870', '+1 800-238-7870', '+1 800-238-7870', '+1 651-917-0000', '+1 651-917-0000', '+1 651-917-0000', '+1 651-339-0987', '+1 651-339-0987', '+1 651-339-0987', '(800) 270-4862']",YP,['http://www.adt.com'],True,"['http://www.adt.com', 'http://www.adt.com', 'http://www.adt.com', 'https://www.yellowpages.com/nationwide/mip/adt-security-services-530424083?lid=1001622947122']",YP,[nan],False,[],,Boca Raton,"['5910 Rice Creek Pkwy STE 700 ,shoreview,55126']",True,"['5910 Rice Creek Pkwy STE 700 ,shoreview,55126', '5910 Rice Creek Pkwy STE 700 ,shoreview,55126', '5910 Rice Creek Pkwy STE 700 ,shoreview,55126', 'Serving the Boca Raton area.']",YP,"['33486', '33431', '33407', '80012', '55126']",False,[],,ADT Security Services,Serving the Boca Raton area.,(800) 270-4862,https://www.yellowpages.com/nationwide/mip/adt-security-services-530424083?lid=1001622947122
11,31.0,"['american family mutual insurance company', 'american family insurance', 'american family insurance group - headquarters']",True,['American Family Insurance'],SOS,"['+1 608-249-2111', '+1 800-692-6326', '+1 608-242-4100', '+1 952-933-4446', '+1 866-881-4318']",True,"['+1 608-249-2111', '+1 608-249-2111', '+1 608-249-2111', '+1 608-249-2111', '+1 608-249-2111', '+1 608-249-2111', '+1 608-249-2111', '+1 608-249-2111', '+1 608-249-2111', '+1 608-249-2111', '+1 608-249-2111', '+1 608-249-2111', '+1 608-249-2111', '+1 608-249-2111', '+1 608-249-2111', '+1 608-249-2111', '+1 608-249-2111', '+1 608-249-2111', '+1 608-249-2111', '+1 800-692-6326', '+1 800-692-6326', '+1 800-692-6326', '+1 800-692-6326', '+1 800-692-6326', '+1 800-692-6326', '+1 800-692-6326', '+1 800-692-6326', '+1 800-692-6326', '+1 800-692-6326', '+1 800-692-6326', '+1 800-692-6326', '+1 800-692-6326', '+1 800-692-6326', '+1 800-692-6326', '+1 800-692-6326', '+1 800-692-6326', '+1 800-692-6326', '+1 800-692-6326', '+1 608-242-4100', '+1 608-242-4100', '+1 608-242-4100', '+1 608-242-4100', '+1 608-242-4100', '+1 608-242-4100', '+1 608-242-4100', '+1 608-242-4100', '+1 608-242-4100', '+1 608-242-4100', '+1 608-242-4100', '+1 608-242-4100', '+1 608-242-4100', '+1 608-242-4100', '+1 608-242-4100', '+1 608-242-4100', '+1 608-242-4100', '+1 608-242-4100', '+1 608-242-4100', '+1 952-933-4446', '+1 952-933-4446', '+1 952-933-4446', '+1 952-933-4446', '+1 952-933-4446', '+1 952-933-4446', '+1 952-933-4446', '+1 952-933-4446', '+1 952-933-4446', '+1 952-933-4446', '+1 952-933-4446', '+1 952-933-4446', '+1 952-933-4446', '+1 952-933-4446', '+1 952-933-4446', '+1 952-933-4446', '+1 952-933-4446', '+1 952-933-4446', '+1 952-933-4446', '+1 866-881-4318', '+1 866-881-4318', '+1 866-881-4318', '+1 866-881-4318', '+1 866-881-4318', '+1 866-881-4318', '+1 866-881-4318', '+1 866-881-4318', '+1 866-881-4318', '+1 866-881-4318', '+1 866-881-4318', '+1 866-881-4318', '+1 866-881-4318', '+1 866-881-4318', '+1 866-881-4318', '+1 866-881-4318', '+1 866-881-4318', '+1 866-881-4318', '+1 866-881-4318', '(763) 400-8384']",YP,['http://www.amfam.com'],True,"['http://www.amfam.com', 'http://www.amfam.com', 'http://www.amfam.com', 'http://www.amfam.com', 'http://www.amfam.com', 'http://www.amfam.com', 'http://www.amfam.com', 'http://www.amfam.com', 'http://www.amfam.com', 'http://www.amfam.com', 'http://www.amfam.com', 'http://www.amfam.com', 'http://www.amfam.com', 'http://www.amfam.com', 'http://www.amfam.com', 'https://www.yellowpages.com/waconia-mn/mip/american-family-insurance-jeffrey-eveslage-574015269?lid=1002132773491']",YP,"['jtuzun@amfam.com', 'consumeraffairs@amfam.com']",False,[],,CHANHASSEN,"['PO Box 9462 ,minneapolis,55440', '6131 Blue Circle Dr ,eden prairie,55343', 'PO Box 9436 ,minneapolis,55440']",True,"['530 West 79th Street, CHANHASSEN, 55440']",SOS,"['55440', '55343']",False,['55317'],SOS,American Family Insurance - Jeffrey Eveslage,"41 W 1st St, Waconia, MN 55387",(763) 400-8384,https://www.yellowpages.com/waconia-mn/mip/american-family-insurance-jeffrey-eveslage-574015269?lid=1002132773491
12,32.0,['north land auto repair inc'],True,"['north land auto repair inc', 'north land auto repair inc', 'north land auto repair inc', 'North Star Auto Repair - CLOSED']",YP,"['+1 612-788-9087', '+1 612-293-3978']",True,"['+1 612-788-9087', '+1 612-788-9087', '+1 612-788-9087', '+1 612-293-3978', '+1 612-293-3978', '+1 612-293-3978']",Google,['http://www.stanthonyautorepair.com/'],False,"['http://www.stanthonyautorepair.com/', nan]",,[nan],False,[],,,"['3009 37th Ave NE ,st anthony,55421']",True,"['3009 37th Ave NE ,st anthony,55421', '3009 37th Ave NE ,st anthony,55421', '3009 37th Ave NE ,st anthony,55421', '79 4th St NWForest Lake, MN 55025']",YP,['55421'],False,[],,North Star Auto Repair - CLOSED,"79 4th St NWForest Lake, MN 55025",,
13,33.0,['auto electric co'],True,"['auto electric co', 'auto electric co', 'auto electric co', 'auto electric co', 'auto electric co', 'auto electric co', 'auto electric co', 'auto electric co', 'auto electric co', 'auto electric co', 'auto electric co', 'auto electric co', 'auto electric co', 'Automotive Electric LLC']",YP,[nan],True,"[nan, nan, nan, nan, nan, nan, nan, nan, nan, nan, nan, nan, nan, '(844) 453-2450']",YP,['http://www.autoelectricmn.com'],True,"['http://www.autoelectricmn.com', 'http://www.autoelectricmn.com', 'http://www.autoelectricmn.com', 'http://www.autoelectricmn.com', 'http://www.autoelectricmn.com', 'http://www.autoelectricmn.com', 'http://www.autoelectricmn.com', 'http://www.autoelectricmn.com', 'http://www.autoelectricmn.com', 'https://www.yellowpages.com/grand-rapids-mn/mip/automotive-electric-llc-574879105?lid=1002161588785']",YP,[nan],False,[],,,"['3800 W Broadway Ave ,minneapolis,55422']",True,"['3800 W Broadway Ave ,minneapolis,55422', '3800 W Broadway Ave ,minneapolis,55422', '3800 W Broadway Ave ,minneapolis,55422', '3800 W Broadway Ave ,minneapolis,55422', '3800 W Broadway Ave ,minneapolis,55422', '3800 W Broadway Ave ,minneapolis,55422', '3800 W Broadway Ave ,minneapolis,55422', '3800 W Broadway Ave ,minneapolis,55422', '3800 W Broadway Ave ,minneapolis,55422', '3800 W Broadway Ave ,minneapolis,55422', '3800 W Broadway Ave ,minneapolis,55422', '3800 W Broadway Ave ,minneapolis,55422', '3800 W Broadway Ave ,minneapolis,55422', '407 NW 6th AveGrand Rapids, MN 55744']",YP,['55422'],False,[],,Automotive Electric LLC,"407 NW 6th AveGrand Rapids, MN 55744",(844) 453-2450,https://www.yellowpages.com/grand-rapids-mn/mip/automotive-electric-llc-574879105?lid=1002161588785
14,34.0,"['allied hearing services', 'helix hearing care of america', 'helix corporation']",True,"['allied hearing services', 'allied hearing services', 'allied hearing services', 'allied hearing services', 'allied hearing services', 'allied hearing services', 'allied hearing services', 'allied hearing services', 'allied hearing services', 'allied hearing services', 'helix hearing care of america', 'helix hearing care of america', 'helix hearing care of america', 'helix hearing care of america', 'helix hearing care of america', 'helix hearing care of america', 'helix hearing care of america', 'helix hearing care of america', 'helix hearing care of america', 'helix hearing care of america', 'helix corporation', 'helix corporation', 'helix corporation', 'helix corporation', 'helix corporation', 'helix corporation', 'helix corporation', 'helix corporation', 'helix corporation', 'helix corporation', 'Accurate Hearing Services, Inc.']",YP,"['+1 952-929-0501', '+1 450-674-6161']",True,"['+1 952-929-0501', '+1 952-929-0501', '+1 952-929-0501', '+1 952-929-0501', '+1 952-929-0501', '+1 952-929-0501', '+1 952-929-0501', '+1 952-929-0501', '+1 952-929-0501', '+1 952-929-0501', '+1 450-674-6161', '+1 450-674-6161', '+1 450-674-6161', '+1 450-674-6161', '+1 450-674-6161', '+1 450-674-6161', '+1 450-674-6161', '+1 450-674-6161', '+1 450-674-6161', '+1 450-674-6161', '(320) 352-7822']",YP,[nan],True,"[nan, nan, nan, nan, nan, nan, nan, nan, nan, nan, 'https://www.yellowpages.com/sauk-centre-mn/mip/accurate-hearing-services-inc-10756784']",YP,['ehledoux@helixhca.com'],False,[],,,"['6600 France Ave S Ste 164 ,minneapolis,55435', '84 S 9th St ,minneapolis,55402']",True,"['6600 France Ave S Ste 164 ,minneapolis,55435', '6600 France Ave S Ste 164 ,minneapolis,55435', '6600 France Ave S Ste 164 ,minneapolis,55435', '6600 France Ave S Ste 164 ,minneapolis,55435', '6600 France Ave S Ste 164 ,minneapolis,55435', '6600 France Ave S Ste 164 ,minneapolis,55435', '6600 France Ave S Ste 164 ,minneapolis,55435', '6600 France Ave S Ste 164 ,minneapolis,55435', '6600 France Ave S Ste 164 ,minneapolis,55435', '6600 France Ave S Ste 164 ,minneapolis,55435', '84 S 9th St ,minneapolis,55402', '84 S 9th St ,minneapolis,55402', '84 S 9th St ,minneapolis,55402', '84 S 9th St ,minneapolis,55402', '84 S 9th St ,minneapolis,55402', '84 S 9th St ,minneapolis,55402', '84 S 9th St ,minneapolis,55402', '84 S 9th St ,minneapolis,55402', '84 S 9th St ,minneapolis,55402', '84 S 9th St ,minneapolis,55402', '308 Oak St S Ste 107Sauk Centre, MN 56378']",YP,"['55435', '55402']",False,[],,"Accurate Hearing Services, Inc.","308 Oak St S Ste 107Sauk Centre, MN 56378",(320) 352-7822,https://www.yellowpages.com/sauk-centre-mn/mip/accurate-hearing-services-inc-10756784
15,36.0,"['anderson insulation inc', 'city wide insulation inc', 'carnahan city-wide insulation inc']",True,"['anderson insulation inc', 'anderson insulation inc', 'city wide insulation inc', 'city wide insulation inc', 'carnahan city-wide insulation inc', 'carnahan city-wide insulation inc']",Google,"['+1 952-445-1387', '+1 612-724-1272', '+1 800-957-9994', '+1 507-281-1311']",True,"['+1 952-445-1387', '+1 952-445-1387', '+1 612-724-1272', '+1 612-724-1272', '+1 800-957-9994', '+1 800-957-9994', '+1 507-281-1311', '+1 507-281-1311']",Google,['http://www.citywideinsul.com'],True,"['http://www.citywideinsul.com', 'https://www.yellowpages.com/minneapolis-mn/mip/anderson-insulation-inc-4376389']",YP,['jgeyen@citywideinsul.com'],False,[],,,"['1725 3rd Ave W ,shakopee,55379', '6834 11th Ave SW PO Box 1024,rochester,55902', 'PO Box 298 ,shakopee,55379']",True,"['1725 3rd Ave W ,shakopee,55379', '1725 3rd Ave W ,shakopee,55379', '6834 11th Ave SW PO Box 1024,rochester,55902', '6834 11th Ave SW PO Box 1024,rochester,55902', 'PO Box 298 ,shakopee,55379', 'PO Box 298 ,shakopee,55379', '4603 Bloomington AveMinneapolis, MN 55407']",YP,"['55379', '55902']",False,[],,Anderson Insulation Inc,"4603 Bloomington AveMinneapolis, MN 55407",(612) 724-1272,https://www.yellowpages.com/minneapolis-mn/mip/anderson-insulation-inc-4376389
16,37.0,['all star travel inc'],True,"['all star travel inc', 'All Star Travel']",YP,['+1 651-636-4644'],True,['+1 651-636-4644'],Google,[nan],True,['https://www.yellowpages.com/saint-paul-mn/mip/all-star-travel-7187821'],YP,['jodytravelagent@yahoo.com'],False,[],,,"['339 8th St NW ,saint paul,55112']",True,"['339 8th St NW ,saint paul,55112', '339 8th St NWSaint Paul, MN 55112']",YP,['55112'],False,[],,All Star Travel,"339 8th St NWSaint Paul, MN 55112",(651) 636-4644,https://www.yellowpages.com/saint-paul-mn/mip/all-star-travel-7187821
17,43.0,"['aqua city plumbing and heating', 'aqua city plumbing inc']",True,"['aqua city plumbing and heating', 'aqua city plumbing inc', 'Aqua City Plumbing & Heating']",YP,"['+1 612-333-4948', '+1 612-827-2871', '+1 612-827-4749', '+1 763-545-9168', '+1 612-825-9805', '+1 612-827-2872', '+1 651-699-1625', '+1 651-699-1341', '+1 612-827-2874', '+1 612-822-6596', '+1 612-827-0340', '+1 952-942-5144', '+1 952-897-0032', '+1 952-926-2845', '+1 952-474-4277', '+1 952-881-9655']",True,"['+1 612-333-4948', '+1 612-827-2871', '+1 612-827-4749', '+1 763-545-9168', '+1 612-825-9805', '+1 612-827-2872', '+1 651-699-1625', '+1 651-699-1341', '+1 612-827-2874', '+1 612-822-6596', '+1 612-827-0340', '+1 952-942-5144', '+1 952-897-0032', '+1 952-926-2845', '+1 952-474-4277', '+1 952-881-9655']",Google,['http://www.aquacityplumbing.com'],True,"['http://www.aquacityplumbing.com', 'https://www.yellowpages.com/saint-paul-mn/mip/aqua-city-plumbing-heating-489632197']",YP,"['dave@aquacityplumbing.com', 'service@aquacityplumbing.com', 'info@aquacityplumbing.com']",False,[],,,"['5428 Nicollet Ave ,minneapolis,55419', '7701 Pillsbury Ave S ,minneapolis,55423', '6045 Pillsbury Ave S ,minneapolis,55419']",True,"['5428 Nicollet Ave ,minneapolis,55419', '7701 Pillsbury Ave S ,minneapolis,55423', '6045 Pillsbury Ave S ,minneapolis,55419', '397 Fairview Ave SSaint Paul, MN 55105']",YP,"['55423', '55419']",False,[],,Aqua City Plumbing & Heating,"397 Fairview Ave SSaint Paul, MN 55105",(651) 699-1625,https://www.yellowpages.com/saint-paul-mn/mip/aqua-city-plumbing-heating-489632197
18,46.0,"['aaa labor', 'aaa employment service']",True,['AAA Labor'],SOS,"['+1 651-775-0161', '+1 612-871-2505', '+1 612-871-2507', '+1 612-871-2506']",True,"['+1 651-775-0161', '+1 612-871-2505', '+1 612-871-2507', '+1 612-871-2506']",Google,['http://www.aaalabor.com'],False,"['http://www.aaalabor.com', nan]",,"['support@aaalabor.com', 'sjzimmer@aaalabor.com']",False,[],,Mpls,"['1908 Chicago Ave ,minneapolis,55404']",True,"['1908 Chicago Ave, Mpls, 55404']",SOS,['55404'],True,['55404'],SOS,,,,
19,49.0,"['andy and georges auto service center inc', 'cns enterprises mn inc']",True,"['andy and georges auto service center inc', 'cns enterprises mn inc', ""Andy & George's Auto Service Center""]",YP,['+1 952-884-4675'],True,['+1 952-884-4675'],Google,['http://andyandgeorgesautoservice.com/'],True,['http://andyandgeorgesautoservice.com/'],Google,"['agauto@goldengate.net', 'aganto@goldengate.net']",False,[],,,"['521 W 90th St ,bloomington,55420']",True,"['521 W 90th St ,bloomington,55420', '521 W 90th StMinneapolis, MN 55420']",YP,['55420'],False,[],,Andy & George's Auto Service Center,"521 W 90th StMinneapolis, MN 55420",(952) 884-4675,https://www.yellowpages.com/minneapolis-mn/mip/andy-georges-auto-service-center-4058497
20,50.0,['morries cadillac'],False,['morries cadillac'],Google,"['+1 866-407-4172', '+1 952-544-3501', '+1 763-248-7859', '+1 763-449-4200']",False,"['+1 866-407-4172', '+1 952-544-3501', '+1 763-248-7859', '+1 763-449-4200']",Google,['http://www.morriescadillac.com'],False,['http://www.morriescadillac.com'],Google,"['patrick.kyes@morries.com', 'cindy.robin@morriesclassiccars.com']",False,[],,,"['7400 Wayzata Blvd ,golden valley,55426']",False,"['7400 Wayzata Blvd ,golden valley,55426']",Google,['55426'],False,[],,,,,
21,51.0,['apartment mart'],True,"['apartment mart', 'Apartment Mart']",YP,"['+1 888-254-5899', '+1 612-927-4591']",True,['(612) 927-4591'],YP,['http://www.apartmentmartmn.com'],True,['https://www.yellowpages.com/nationwide/mip/apartment-mart-21075783'],YP,[nan],False,[],,,"['PO Box 24258 ,minneapolis,55424', '5621 Knox Ave S ,minneapolis,55419']",True,"['PO Box 24258 ,minneapolis,55424', '5621 Knox Ave S ,minneapolis,55419', 'Serving theMN Area']",YP,"['55419', '55424']",False,[],,Apartment Mart,Serving theMN Area,(612) 927-4591,https://www.yellowpages.com/nationwide/mip/apartment-mart-21075783
22,53.0,['alexanders import auto repair'],True,"[""Alexander's Import Auto Repair, Inc.""]",SOS,"['+1 612-729-2516', '+1 612-721-2868']",True,"['+1 612-729-2516', '+1 612-721-2868']",Google,[nan],False,"[nan, nan]",,['aiari@aol.com'],False,[],,Mpls,"['2904 E 35th St ,minneapolis,55406']",True,"['2904 E 35th Str, Mpls, 55406']",SOS,['55406'],True,['55406'],SOS,,,,
23,54.0,"['poolside', 'all poolside services inc']",True,['Poolside Inc.'],SOS,"['+1 651-483-6600', '+1 651-379-3682']",True,"['+1 651-483-6600', '+1 651-379-3682']",Google,"['http://www.allpoolside.com', 'http://www.facebook.com/allpoolside']",True,"['http://www.allpoolside.com', 'http://www.facebook.com/allpoolside', 'https://www.yellowpages.com/eagan-mn/mip/poolside-5537022']",YP,"['dsheridan@poolside.biz', 'info@poolside.biz', 'randerson@poolside.biz']",False,[],,Belle Plaine,"['121 County Road C E ,little canada,55117', '1960 Cliff Lake Rd Ste 126 ,eagan,55122']",True,"['905 Deer Creek Pkwy, Belle Plaine, 55117']",SOS,"['55117', '55122']",False,['56011'],SOS,Poolside,"1960 Cliff Lake RdEagan, MN 55122",(651) 483-6600,https://www.yellowpages.com/eagan-mn/mip/poolside-5537022
24,56.0,['animal inn pet resort and spa inc'],True,"['animal inn pet resort and spa inc', 'Animal Inn Pet Resort & Spa']",YP,['+1 651-777-0255'],True,['+1 651-777-0255'],Google,"['http://twitter.com/animalinnpetres', 'http://www.facebook.com/pages/animal-inn-pet-resort-spa/150482981654331', 'http://www.animalinnpetresort.net']",True,"['http://twitter.com/animalinnpetres', 'http://www.facebook.com/pages/animal-inn-pet-resort-spa/150482981654331', 'http://www.animalinnpetresort.net', 'https://www.yellowpages.com/lake-elmo-mn/mip/animal-inn-pet-resort-spa-9493780']",YP,['info@animalinnpetresort.net'],False,[],,,[nan],True,"[nan, '8633 34th St NLake Elmo, MN 55042']",YP,[nan],False,[],,Animal Inn Pet Resort & Spa,"8633 34th St NLake Elmo, MN 55042",(651) 777-0255,https://www.yellowpages.com/lake-elmo-mn/mip/animal-inn-pet-resort-spa-9493780
25,58.0,['appliance parts inc'],True,"['appliance parts inc', 'appliance parts inc', 'appliance parts inc', 'appliance parts inc', 'appliance parts inc', 'appliance parts inc', 'appliance parts inc', 'appliance parts inc', 'appliance parts inc', 'appliance parts inc', 'appliance parts inc', 'appliance parts inc', 'appliance parts inc', 'appliance parts inc', 'appliance parts inc', 'appliance parts inc', 'appliance parts inc', 'appliance parts inc', 'appliance parts inc', 'appliance parts inc', 'Dey Appliance Parts Co']",YP,['+1 612-333-0931'],True,"['+1 612-333-0931', '+1 612-333-0931', '+1 612-333-0931', '+1 612-333-0931', '+1 612-333-0931', '+1 612-333-0931', '+1 612-333-0931', '+1 612-333-0931', '+1 612-333-0931', '+1 612-333-0931', '+1 612-333-0931', '+1 612-333-0931', '+1 612-333-0931', '+1 612-333-0931', '+1 612-333-0931', '+1 612-333-0931', '+1 612-333-0931', '+1 612-333-0931', '+1 612-333-0931', '+1 612-333-0931', '(651) 490-9191']",YP,[nan],True,"[nan, nan, nan, nan, nan, nan, nan, nan, nan, nan, nan, nan, nan, nan, nan, nan, nan, nan, nan, 'https://www.yellowpages.com/saint-paul-mn/mip/dey-appliance-parts-co-12688013']",YP,[nan],False,[],,,"['1251 Washington Ave N ,minneapolis,55401']",True,"['1251 Washington Ave N ,minneapolis,55401', '1251 Washington Ave N ,minneapolis,55401', '1251 Washington Ave N ,minneapolis,55401', '1251 Washington Ave N ,minneapolis,55401', '1251 Washington Ave N ,minneapolis,55401', '1251 Washington Ave N ,minneapolis,55401', '1251 Washington Ave N ,minneapolis,55401', '1251 Washington Ave N ,minneapolis,55401', '1251 Washington Ave N ,minneapolis,55401', '1251 Washington Ave N ,minneapolis,55401', '1251 Washington Ave N ,minneapolis,55401', '1251 Washington Ave N ,minneapolis,55401', '1251 Washington Ave N ,minneapolis,55401', '1251 Washington Ave N ,minneapolis,55401', '1251 Washington Ave N ,minneapolis,55401', '1251 Washington Ave N ,minneapolis,55401', '1251 Washington Ave N ,minneapolis,55401', '1251 Washington Ave N ,minneapolis,55401', '1251 Washington Ave N ,minneapolis,55401', '1251 Washington Ave N ,minneapolis,55401', '1401 Willow Lake BlvdSaint Paul, MN 55110']",YP,['55401'],False,[],,Dey Appliance Parts Co,"1401 Willow Lake BlvdSaint Paul, MN 55110",(651) 490-9191,https://www.yellowpages.com/saint-paul-mn/mip/dey-appliance-parts-co-12688013
26,60.0,"['abbey carpet of mounds view', 'giese carpet llc']",True,['Giese Carpet LLC'],SOS,['+1 763-398-3981'],True,"['+1 763-398-3981', '+1 763-398-3981', '(651) 257-1240']",YP,['http://www.moundsview.abbeycarpet.com'],True,"['http://www.moundsview.abbeycarpet.com', 'http://www.moundsview.abbeycarpet.com', 'https://www.yellowpages.com/chisago-city-mn/mip/giese-carpet-461555333']",YP,"['john@abbeymv.com', 'kathy@abbeymv.com', 'peter@giesecarpet.com']",False,[],,Chisago City,"['2222 Highway 10 ,mounds view,55112']",True,"['10490 South Ave  PO Box 71, Chisago City, 55112']",SOS,['55112'],False,['55013'],SOS,Giese Carpet,"10490 South AveChisago City, MN 55013",(651) 257-1240,https://www.yellowpages.com/chisago-city-mn/mip/giese-carpet-461555333
27,61.0,['allstate tree service'],True,['ALLSTATE TREE SERVICE'],SOS,"['+1 763-786-8629', '+1 612-823-5600', '+1 763-220-1533', '+1 763-479-9091']",True,"['+1 763-786-8629', '+1 612-823-5600', '+1 763-220-1533', '+1 763-479-9091']",Google,['http://www.allstatetreemn.com/'],True,['http://www.allstatetreemn.com/'],Google,['info@allstatetreemn.com'],False,[],,East Bethel,"['7600 Highway 65 NE ,fridley,55432', '7510 Jackson St NE ,minneapolis,55432']",True,"['23214 Baltimore St NE, East Bethel, 55432']",SOS,['55432'],False,['55005'],SOS,Allstate Tree Service,"19328 Isetta St NEWyoming, MN 55092",(763) 479-9091,https://www.yellowpages.com/wyoming-mn/mip/allstate-tree-service-490652308
28,67.0,"['associated advisory services', 'cbsa performax a meritain health company', 'a b i financial corp', 'meritain health', 'corporate benefit services of americainc']",True,"['MERITAIN HEALTH, INC.']",SOS,"['+1 952-593-6511', '+1 800-925-2272', '+1 952-541-0444', '+1 800-566-9305', '+1 888-969-4675', '+1 800-242-6226', '+1 952-546-0062']",False,"['+1 952-593-6511', '+1 800-925-2272', '+1 952-541-0444', '+1 800-566-9305', '+1 888-969-4675', '+1 800-242-6226', '+1 952-546-0062', nan]",,"['http://www.cbsainc.com', 'http://www.meritain.com']",False,"['http://www.cbsainc.com', 'http://www.meritain.com', nan]",,"['lhemmer@cbsainc.com', 'cbsaa@cbsainc.com']",False,[],,St Paul,"['400 Highway 169 S Ste 800 ,minneapolis,55426']",True,"['1010 Dale St N, St Paul, 55426']",SOS,['55426'],False,['55117'],SOS,,,,
29,70.0,"['associated consultants of carico-box ', 'carico products', 'oneida flatware this is a product', 'associated consultants inc', 'regal cookware this is a product', 'carico assoc ent', 'associated credit company', 'carico this is a product']",False,"['associated consultants of carico-box ', 'associated consultants of carico-box ', 'carico products', 'carico products', 'oneida flatware this is a product', 'oneida flatware this is a product', 'associated consultants inc', 'associated consultants inc', 'regal cookware this is a product', 'regal cookware this is a product', 'carico assoc ent', 'carico assoc ent', 'associated credit company', 'associated credit company', 'carico this is a product', 'carico this is a product']",Google,['+1 612-871-7700'],True,"['+1 612-871-7700', '+1 612-871-7700']",Google,['http://www.associatedconsultantsusa.com'],False,"['http://www.associatedconsultantsusa.com', 'http://www.associatedconsultantsusa.com']",Google,[nan],False,[],,,"['516 W Franklin Ave ,minneapolis,55405', 'PO Box 16293 ,st louis park,55416']",False,"['516 W Franklin Ave ,minneapolis,55405', '516 W Franklin Ave ,minneapolis,55405', 'PO Box 16293 ,st louis park,55416', 'PO Box 16293 ,st louis park,55416']",Google,"['55405', '55416']",False,[],,,,,
30,71.0,"['advance equipment shoring and specialties company', 'advance equipment company', 'advance shoring company', 'advance specialties company']",True,"['advance equipment shoring and specialties company', 'advance equipment company', 'advance shoring company', 'advance specialties company']",Google,[nan],False,"[nan, nan]",,['http://www.advancecos.com'],False,"['http://www.advancecos.com', nan]",,"['khaug@advancecos.com', 'srousslang@advancecos.com']",False,[],,,"['1400 Jackson St ,saint paul,55117']",False,"['1400 Jackson St ,saint paul,55117', nan]",,['55117'],False,[],,,,,
31,72.0,"['aladdin pools inc', 'aladdin pool and spa']",False,"['aladdin pools inc', 'aladdin pools inc', 'aladdin pools inc', 'aladdin pools inc', 'aladdin pools inc', 'aladdin pools inc', 'aladdin pools inc', 'aladdin pools inc', 'aladdin pools inc', 'aladdin pool and spa', 'aladdin pool and spa', 'aladdin pool and spa', 'aladdin pool and spa', 'aladdin pool and spa', 'aladdin pool and spa', 'aladdin pool and spa', 'aladdin pool and spa', 'aladdin pool and spa']",Google,['+1 763-785-1079'],False,"['+1 763-785-1079', '+1 763-785-1079', '+1 763-785-1079', '+1 763-785-1079', '+1 763-785-1079', '+1 763-785-1079', '+1 763-785-1079', '+1 763-785-1079', '+1 763-785-1079']",Google,[nan],False,"[nan, nan, nan, nan, nan, nan, nan, nan]",Google,[nan],False,[],,,"['3901 Central Ave NE ,minneapolis,55421']",False,"['3901 Central Ave NE ,minneapolis,55421', '3901 Central Ave NE ,minneapolis,55421', '3901 Central Ave NE ,minneapolis,55421', '3901 Central Ave NE ,minneapolis,55421', '3901 Central Ave NE ,minneapolis,55421', '3901 Central Ave NE ,minneapolis,55421', '3901 Central Ave NE ,minneapolis,55421', '3901 Central Ave NE ,minneapolis,55421', '3901 Central Ave NE ,minneapolis,55421']",Google,['55421'],False,[],,,,,
32,73.0,['andersen cabinet inc'],True,['andersen cabinet inc'],Google,['+1 651-777-5377'],True,['+1 651-777-5377'],Google,['http://www.andersencabinet.com'],True,"['http://www.andersencabinet.com', 'https://www.yellowpages.com/saint-paul-mn/mip/andersen-cabinet-inc-3939834']",YP,['mikem@andersencabinet.com'],False,[],,,"['2500 Charles St N ,saint paul,55109']",True,"['2500 Charles St N ,saint paul,55109', '2500 Charles St NSaint Paul, MN 55109']",YP,['55109'],False,[],,Andersen Cabinet Inc,"2500 Charles St NSaint Paul, MN 55109",(651) 777-5377,https://www.yellowpages.com/saint-paul-mn/mip/andersen-cabinet-inc-3939834
33,74.0,"['apollo of minneapolis', 'apollo hair clinic']",True,['Apollo Hair Clinic'],SOS,"['+1 612-991-2500', '+1 952-926-2737', '+1 651-646-4247']",True,"['+1 612-991-2500', '+1 612-991-2500', '+1 612-991-2500', '+1 952-926-2737', '+1 952-926-2737', '+1 952-926-2737', '+1 651-646-4247', '+1 651-646-4247', '+1 651-646-4247']",Google,['https://www.apollonowmn.com/'],False,"['https://www.apollonowmn.com/', nan]",,['rexhanson2003@aol.com'],False,[],,St Louis Park,"['4820 Minnetonka Blvd Ste 101 ,saint louis park,55416']",True,"['4820 Minnetonka Blvd, St Louis Park, 55416']",SOS,['55416'],True,['55416'],SOS,,,,
34,75.0,"['asphalt driveway co', 'asphalt driveway company of st paul']",True,"['asphalt driveway co', 'asphalt driveway company of st paul', 'Asphalt Driveway Company']",YP,"['+1 612-293-0601', '+1 763-219-1666', '+1 952-955-4341', '+1 651-237-5276', '+1 612-676-1717']",True,"['+1 612-293-0601', '+1 763-219-1666', '+1 952-955-4341', '+1 651-237-5276', '+1 612-676-1717']",Google,['https://www.asphaltdrivewayco.com'],True,"['https://www.asphaltdrivewayco.com', 'https://www.yellowpages.com/maplewood-mn/mip/asphalt-driveway-company-5475244?lid=1002084479627']",YP,"['sales@asphaltdrivewayco.com', 'state@visi.com', 'rchorlton@asphaltdrivewayco.com']",False,[],,,[nan],True,"[nan, '1211 Highway 36 EMaplewood, MN 55109']",YP,[nan],False,[],,Asphalt Driveway Company,"1211 Highway 36 EMaplewood, MN 55109",(612) 504-5900,https://www.yellowpages.com/maplewood-mn/mip/asphalt-driveway-company-5475244?lid=1002084479627
35,77.0,['augsburg fortress publishers'],True,['augsburg fortress publishers'],Google,['+1 612-330-3300'],True,"['+1 612-330-3300', '(612) 330-3300']",YP,['http://www.augsburgfortress.org'],True,"['http://www.augsburgfortress.org', 'https://www.yellowpages.com/minneapolis-mn/mip/augsburg-fortress-publishers-1273406']",YP,"['credit@augsburgfortress.org', 'rect@augsburgfortress.org']",False,[],,,"['510 Marquette Ave 8th Floor ,minneapolis,55402', '100 S 5th St Ste 600 ,minneapolis,55402', '426 South St ,minneapolis,55440', 'PO Box 1209 ,minneapolis,55440']",True,"['510 Marquette Ave 8th Floor ,minneapolis,55402', '100 S 5th St Ste 600 ,minneapolis,55402', '426 South St ,minneapolis,55440', 'PO Box 1209 ,minneapolis,55440', '510 Marquette Ave 8th FlMinneapolis, MN 55402']",YP,"['55440', '55402']",False,[],,Augsburg Fortress Publishers,"510 Marquette Ave 8th FlMinneapolis, MN 55402",(612) 330-3300,https://www.yellowpages.com/minneapolis-mn/mip/augsburg-fortress-publishers-1273406
36,78.0,"['penco graphic supplyartists', 'art materials llc', 'penco artists supply warehouse', 'art materials inc']",True,"['Art Materials, L.L.C.']",SOS,"['+1 612-872-8088', '+1 612-372-3100', '+1 612-333-3330', '+1 612-827-5301']",True,"['+1 612-872-8088', '+1 612-372-3100', '+1 612-333-3330', '+1 612-827-5301']",Google,"['http://www.artsuppliesonline.com', 'http://www.artmaterialsonline.com']",False,"['http://www.artsuppliesonline.com', 'http://www.artmaterialsonline.com', nan]",,['jbrown@artmaterialsonline.com'],False,[],,Mpls,"['2728 Lyndale Ave S ,minneapolis,55408', '718 Washington Ave N Ste 100 ,minneapolis,55401']",True,"['2728 S Lyndale Ave, Mpls, 55401']",SOS,"['55401', '55408']",False,['55408'],SOS,,,,
37,79.0,"['acordia', 'wells fargo insurance services', 'wells fargo insurance service', 'acordia of minnesota inc']",False,"['acordia', 'wells fargo insurance services', 'wells fargo insurance service', 'acordia of minnesota inc']",Google,"['+1 800-328-6311', '+1 952-830-3000']",False,"['+1 800-328-6311', '+1 952-830-3000']",Google,"['http://www.acordia.com', 'http://www.wellsfargo.com']",False,"['http://www.acordia.com', 'http://www.wellsfargo.com']",Google,['keith.burkhardt@wellsfargoservices.com'],False,[],,,"['4300 Market Pointe Dr Ste 600 ,bloomington,55435', '4300 Market Pointe Dr # 600 ,minneapolis,55435', '7701 York Ave S Ste 200 ,minneapolis,55435']",False,"['4300 Market Pointe Dr Ste 600 ,bloomington,55435', '4300 Market Pointe Dr # 600 ,minneapolis,55435', '7701 York Ave S Ste 200 ,minneapolis,55435']",Google,['55435'],False,[],,,,,
38,81.0,"['anderson automotive inc', 'maxi auto center']",True,"['anderson automotive inc', 'anderson automotive inc', 'anderson automotive inc', 'anderson automotive inc', 'anderson automotive inc', 'anderson automotive inc', 'anderson automotive inc', 'anderson automotive inc', 'anderson automotive inc', 'anderson automotive inc', 'anderson automotive inc', 'anderson automotive inc', 'anderson automotive inc', 'anderson automotive inc', 'anderson automotive inc', 'anderson automotive inc', 'anderson automotive inc', 'anderson automotive inc', 'anderson automotive inc', 'anderson automotive inc', 'maxi auto center', 'maxi auto center', 'maxi auto center', 'maxi auto center', 'maxi auto center', 'maxi auto center', 'maxi auto center', 'maxi auto center', 'maxi auto center', 'maxi auto center', 'maxi auto center', 'maxi auto center', 'maxi auto center', 'maxi auto center', 'maxi auto center', 'maxi auto center', 'maxi auto center', 'maxi auto center', 'maxi auto center', 'maxi auto center', 'Anderson Automotive']",YP,['+1 612-788-8686'],True,"['+1 612-788-8686', '+1 612-788-8686', '+1 612-788-8686', '+1 612-788-8686', '+1 612-788-8686', '+1 612-788-8686', '+1 612-788-8686', '+1 612-788-8686', '+1 612-788-8686', '+1 612-788-8686', '+1 612-788-8686', '+1 612-788-8686', '+1 612-788-8686', '+1 612-788-8686', '+1 612-788-8686', '+1 612-788-8686', '+1 612-788-8686', '+1 612-788-8686', '+1 612-788-8686', '+1 612-788-8686', '(218) 741-9611']",YP,[nan],True,"[nan, nan, nan, nan, nan, nan, nan, nan, nan, nan, nan, nan, 'https://www.yellowpages.com/mountain-iron-mn/mip/anderson-automotive-25790040']",YP,['fixmycar@maxiautoservice.com'],False,[],,,"['2803 Central Ave NE ,minneapolis,55418']",True,"['2803 Central Ave NE ,minneapolis,55418', '2803 Central Ave NE ,minneapolis,55418', '2803 Central Ave NE ,minneapolis,55418', '2803 Central Ave NE ,minneapolis,55418', '2803 Central Ave NE ,minneapolis,55418', '2803 Central Ave NE ,minneapolis,55418', '2803 Central Ave NE ,minneapolis,55418', '2803 Central Ave NE ,minneapolis,55418', '2803 Central Ave NE ,minneapolis,55418', '2803 Central Ave NE ,minneapolis,55418', '2803 Central Ave NE ,minneapolis,55418', '2803 Central Ave NE ,minneapolis,55418', '2803 Central Ave NE ,minneapolis,55418', '2803 Central Ave NE ,minneapolis,55418', '2803 Central Ave NE ,minneapolis,55418', '2803 Central Ave NE ,minneapolis,55418', '2803 Central Ave NE ,minneapolis,55418', '2803 Central Ave NE ,minneapolis,55418', '2803 Central Ave NE ,minneapolis,55418', '2803 Central Ave NE ,minneapolis,55418', '5475 Heather AveMountain Iron, MN 55768']",YP,['55418'],False,[],,Anderson Automotive,"5475 Heather AveMountain Iron, MN 55768",(218) 741-9611,https://www.yellowpages.com/mountain-iron-mn/mip/anderson-automotive-25790040
39,84.0,['brausen enterprises inc'],True,"['brausen enterprises inc', 'Braun Enterprises']",YP,[nan],True,"[nan, '(507) 794-5860']",YP,['https://www.brausenauto.com'],True,"['https://www.brausenauto.com', 'https://www.yellowpages.com/sleepy-eye-mn/mip/braun-enterprises-25664942']",YP,['ted@brausens.com'],False,[],,,"['1310 County Road E W ,arden hills,55112', '5979 Rice Creek Pkwy ,shoreview,55126']",True,"['1310 County Road E W ,arden hills,55112', '5979 Rice Creek Pkwy ,shoreview,55126', '31457 230th StSleepy Eye, MN 56085']",YP,"['55126', '55112']",False,[],,Braun Enterprises,"31457 230th StSleepy Eye, MN 56085",(507) 794-5860,https://www.yellowpages.com/sleepy-eye-mn/mip/braun-enterprises-25664942
40,86.0,"['rollx vans', 'associated rollx vans', 'associated leasinghandicapable van', 'associated partnership ltd']",True,['Rollx Vans '],SOS,[nan],False,"[nan, nan]",,['https://www.rollxvans.com'],False,"['https://www.rollxvans.com', nan]",,"['mharris@rollxvans.com', 'sandrews@rollxvans.com', 'questions@rollxvans.com']",False,[],,SAVAGE,"['6591 Highway 13 W ,savage,55378']",True,"['6591 W HWY 13, SAVAGE, 55378']",SOS,['55378'],True,['55378'],SOS,,,,
41,94.0,"['associated hearing instruments', 'associated hearing of st paul inc', 'associated hearing of saint paul', 'associated hearing']",False,"['associated hearing instruments', 'associated hearing instruments', 'associated hearing instruments', 'associated hearing instruments', 'associated hearing instruments', 'associated hearing instruments', 'associated hearing instruments', 'associated hearing instruments', 'associated hearing instruments', 'associated hearing instruments', 'associated hearing instruments', 'associated hearing of st paul inc', 'associated hearing of st paul inc', 'associated hearing of st paul inc', 'associated hearing of st paul inc', 'associated hearing of st paul inc', 'associated hearing of st paul inc', 'associated hearing of st paul inc', 'associated hearing of st paul inc', 'associated hearing of st paul inc', 'associated hearing of st paul inc', 'associated hearing of st paul inc', 'associated hearing of saint paul', 'associated hearing of saint paul', 'associated hearing of saint paul', 'associated hearing of saint paul', 'associated hearing of saint paul', 'associated hearing of saint paul', 'associated hearing of saint paul', 'associated hearing of saint paul', 'associated hearing of saint paul', 'associated hearing of saint paul', 'associated hearing of saint paul', 'associated hearing', 'associated hearing', 'associated hearing', 'associated hearing', 'associated hearing', 'associated hearing', 'associated hearing', 'associated hearing', 'associated hearing', 'associated hearing', 'associated hearing']",Google,[nan],False,"[nan, nan, nan, nan, nan, nan, nan, nan, nan, nan, nan]",Google,['http://www.associated-hearing.com'],False,"['http://www.associated-hearing.com', 'http://www.associated-hearing.com', 'http://www.associated-hearing.com', 'http://www.associated-hearing.com', 'http://www.associated-hearing.com', 'http://www.associated-hearing.com', 'http://www.associated-hearing.com', 'http://www.associated-hearing.com', 'http://www.associated-hearing.com']",Google,[nan],False,[],,,"['393 Dunlap St N Ste 115 ,saint paul,55104']",False,"['393 Dunlap St N Ste 115 ,saint paul,55104', '393 Dunlap St N Ste 115 ,saint paul,55104', '393 Dunlap St N Ste 115 ,saint paul,55104', '393 Dunlap St N Ste 115 ,saint paul,55104', '393 Dunlap St N Ste 115 ,saint paul,55104', '393 Dunlap St N Ste 115 ,saint paul,55104', '393 Dunlap St N Ste 115 ,saint paul,55104', '393 Dunlap St N Ste 115 ,saint paul,55104', '393 Dunlap St N Ste 115 ,saint paul,55104', '393 Dunlap St N Ste 115 ,saint paul,55104', '393 Dunlap St N Ste 115 ,saint paul,55104']",Google,['55104'],False,[],,,,,
42,95.0,['affordable automotive inc'],True,"['affordable automotive inc', 'affordable automotive inc', 'affordable automotive inc', 'affordable automotive inc', 'affordable automotive inc', 'affordable automotive inc', 'affordable automotive inc', 'affordable automotive inc', 'affordable automotive inc', 'affordable automotive inc', 'affordable automotive inc', 'affordable automotive inc', 'affordable automotive inc', 'affordable automotive inc', 'affordable automotive inc', 'affordable automotive inc', 'affordable automotive inc', 'affordable automotive inc', 'affordable automotive inc', 'affordable automotive inc', 'Affordable Automotive']",YP,[nan],True,"[nan, nan, nan, nan, nan, nan, nan, nan, nan, nan, nan, nan, nan, nan, nan, nan, nan, nan, nan, nan, '(651) 770-6400']",YP,[nan],True,"[nan, nan, nan, nan, nan, nan, nan, nan, nan, nan, nan, nan, nan, nan, nan, 'https://www.yellowpages.com/saint-paul-mn/mip/affordable-automotive-1004382']",YP,[nan],False,[],,,"['2099 Division St N ,north saint paul,55109']",True,"['2099 Division St N ,north saint paul,55109', '2099 Division St N ,north saint paul,55109', '2099 Division St N ,north saint paul,55109', '2099 Division St N ,north saint paul,55109', '2099 Division St N ,north saint paul,55109', '2099 Division St N ,north saint paul,55109', '2099 Division St N ,north saint paul,55109', '2099 Division St N ,north saint paul,55109', '2099 Division St N ,north saint paul,55109', '2099 Division St N ,north saint paul,55109', '2099 Division St N ,north saint paul,55109', '2099 Division St N ,north saint paul,55109', '2099 Division St N ,north saint paul,55109', '2099 Division St N ,north saint paul,55109', '2099 Division St N ,north saint paul,55109', '2099 Division St N ,north saint paul,55109', '2099 Division St N ,north saint paul,55109', '2099 Division St N ,north saint paul,55109', '2099 Division St N ,north saint paul,55109', '2099 Division St N ,north saint paul,55109', '2099 Division St NSaint Paul, MN 55109']",YP,['55109'],False,[],,Affordable Automotive,"2099 Division St NSaint Paul, MN 55109",(651) 770-6400,https://www.yellowpages.com/saint-paul-mn/mip/affordable-automotive-1004382
